Temperatura_Max,Temperatura_Min,Umidade_Max,Ventania,Precipitacao,Nuvem,Pressao
29.6,13.5,57.0,6.8,0.0,0.0,1015.2
29.6,13.5,65.8,7.2,0.0,0.0,1015.5
29.6,13.5,60.1,7.3,0.0,0.0,1015.6
29.6,13.5,55.7,7.4,0.0,0.0,1016.3
29.6,13.5,57.2,7.4,0.0,1.0,1016.8
29.6,13.5,62.7,6.3,0.0,1.0,1017.2
29.6,13.5,65.3,5.4,0.0,1.0,1017.5
29.6,13.5,69.2,5.1,0.0,0.0,1017.3
29.6,13.5,69.5,4.6,0.0,0.0,1016.8
29.6,13.5,67.4,4.8,0.0,0.0,1016.3
29.6,13.5,69.0,5.7,0.0,0.0,1015.9
29.6,13.5,73.6,6.2,0.0,0.0,1015.6
29.6,13.6,75.7,6.8,0.0,0.0,1016.1
29.6,13.6,75.9,7.3,0.0,0.0,1016.8
29.5,13.8,72.7,7.7,0.0,0.0,1017.6
29.5,14.9,64.7,8.3,0.0,0.0,1018.3
29.5,14.9,54.8,8.7,0.0,0.0,1018.7
29.5,14.9,44.9,8.9,0.0,0.0,1018.5
29.5,14.9,34.6,8.9,0.0,0.0,1017.9
30.3,14.9,28.2,7.0,0.0,0.0,1017.0
30.5,14.9,29.6,6.5,0.0,0.0,1015.8
30.5,14.9,30.1,5.3,0.0,0.0,1015.1
30.5,14.9,38.8,4.3,0.0,0.0,1014.4
30.5,14.9,49.3,6.5,0.0,0.0,1014.2
30.5,14.9,51.8,7.8,0.0,0.0,1014.3
30.5,14.9,54.3,10.5,0.0,0.0,1014.3
30.5,14.9,51.9,10.5,0.0,0.0,1014.7
30.5,14.9,49.5,10.6,0.0,0.0,1015.6
30.5,14.9,41.3,13.8,0.0,0.0,1016.2
30.5,14.9,46.3,15.0,0.0,0.0,1016.5
30.5,14.9,48.5,15.0,0.0,0.0,1016.4
30.5,14.9,52.0,14.3,0.0,0.0,1016.4
30.5,14.9,55.1,12.1,0.0,0.0,1015.8
30.5,14.9,56.2,10.3,0.0,0.0,1014.8
30.5,14.9,58.5,9.2,0.0,0.0,1014.4
30.5,14.9,60.8,9.6,0.0,0.0,1014.1
30.5,14.9,62.0,9.7,0.0,0.0,1014.1
30.5,14.9,62.5,10.0,0.0,0.0,1014.9
30.4,15.4,59.6,10.6,0.0,0.0,1015.4
30.4,16.3,54.4,10.9,0.0,0.0,1016.0
30.4,16.3,49.0,10.9,0.0,0.0,1016.9
30.4,16.3,53.2,7.8,0.0,0.0,1017.2
30.4,16.3,57.6,7.8,0.0,0.0,1017.5
30.4,16.3,62.3,9.9,0.0,0.0,1017.8
30.4,16.3,66.9,10.3,0.0,3.0,1017.5
30.2,16.3,72.0,10.8,0.0,5.0,1017.2
29.1,16.4,77.5,11.5,0.0,8.0,1016.8
27.3,16.5,83.2,11.5,0.12,8.0,1017.5
25.6,16.4,89.6,11.4,0.24,8.0,1018.1
23.7,14.6,96.5,11.8,0.36,8.0,1018.7
23.8,14.5,97.8,11.8,0.62,8.0,1019.5
23.8,14.2,95.4,11.5,0.88,8.0,1020.3
23.9,14.0,94.8,11.3,1.14,8.0,1021.0
23.9,13.8,95.5,11.4,1.41,8.0,1021.0
23.9,13.7,96.9,11.8,1.68,8.0,1021.0
23.9,13.5,96.8,12.2,1.95,8.0,1020.9
23.9,13.2,97.0,12.2,2.13,8.0,1020.6
23.9,12.9,95.9,11.5,2.31,8.0,1020.3
23.9,12.6,95.5,10.9,2.49,8.0,1020.0
23.9,12.6,95.7,10.2,2.49,8.0,1020.2
23.9,12.6,96.0,9.4,2.49,8.0,1020.4
23.9,12.6,96.7,8.6,2.49,8.0,1020.6
23.9,12.6,93.8,7.8,2.49,8.0,1021.1
23.9,12.6,91.4,7.2,2.49,8.0,1021.6
23.9,12.6,89.2,6.7,2.49,8.0,1022.2
23.9,12.6,84.1,6.5,2.49,8.0,1021.5
23.9,12.6,79.3,6.0,2.49,8.0,1020.9
23.9,12.6,74.9,5.5,2.49,8.0,1020.3
22.8,12.7,76.1,5.6,2.49,7.0,1019.6
21.7,12.7,77.4,6.1,2.49,7.0,1018.8
20.6,12.8,78.8,6.5,2.49,6.0,1018.1
18.9,12.8,83.9,7.0,2.37,7.0,1018.4
18.6,12.8,89.5,7.5,2.25,7.0,1018.7
18.6,12.8,95.6,8.0,2.13,8.0,1019.1
18.6,12.8,96.5,8.0,1.87,8.0,1019.3
18.6,12.8,99.5,7.5,1.61,8.0,1019.7
18.6,12.8,97.6,7.0,1.35,8.0,1020.0
18.6,12.8,97.1,6.7,1.08,8.0,1019.8
18.6,12.8,97.7,6.9,0.81,8.0,1019.6
18.6,12.8,96.4,7.1,0.54,8.0,1019.4
18.6,12.8,98.0,7.2,0.36,7.0,1018.8
18.6,12.8,97.7,7.2,0.18,7.0,1018.2
18.6,12.8,98.4,7.3,0.0,7.0,1017.6
18.6,12.9,98.4,7.3,0.0,7.0,1017.9
18.6,12.9,98.4,6.8,0.0,7.0,1018.2
18.6,12.9,98.5,6.4,0.0,7.0,1018.6
18.6,13.5,92.1,6.4,0.0,6.0,1019.1
18.5,14.0,86.2,6.4,0.0,4.0,1019.6
19.2,14.4,80.7,6.4,0.0,2.0,1020.2
22.0,14.4,70.3,6.3,0.0,2.0,1019.4
24.8,14.2,61.5,5.1,0.0,1.0,1018.6
27.5,14.1,53.9,3.4,0.0,0.0,1017.9
28.0,14.0,51.9,2.5,0.0,1.0,1016.9
28.6,14.0,50.0,3.3,0.0,1.0,1016.0
29.3,13.9,48.0,3.8,0.0,2.0,1015.0
29.4,13.9,57.6,4.6,0.0,3.0,1015.4
29.4,13.9,70.1,5.1,0.0,4.0,1015.7
29.4,13.9,86.2,5.4,0.0,4.0,1016.1
29.4,13.9,88.1,5.4,0.0,3.0,1016.6
29.4,13.9,89.7,4.5,0.0,2.0,1017.1
29.4,13.9,90.6,3.5,0.0,1.0,1017.7
29.4,13.9,87.7,3.7,0.0,0.0,1017.9
29.4,13.9,85.0,5.1,0.0,0.0,1018.1
29.4,13.9,82.3,6.6,0.0,0.0,1018.3
29.4,13.9,83.9,6.6,0.0,0.0,1018.0
29.4,13.9,85.5,6.6,0.0,0.0,1017.6
29.4,13.9,86.5,6.9,0.0,0.0,1017.2
29.4,13.9,87.8,7.0,0.0,0.0,1017.6
29.4,13.9,88.7,7.1,0.0,0.0,1018.0
29.3,13.9,89.4,7.2,0.0,0.0,1018.4
29.3,15.4,79.7,7.2,0.0,0.0,1019.1
29.3,15.7,71.1,6.3,0.0,0.0,1019.7
29.3,15.7,63.7,5.3,0.0,0.0,1020.2
29.3,15.7,49.2,4.3,0.0,0.0,1019.5
29.6,15.7,38.2,3.4,0.0,0.0,1018.8
32.2,15.7,29.6,2.7,0.0,0.0,1018.1
32.3,15.6,29.1,2.3,0.0,0.0,1017.4
32.6,15.6,28.6,2.5,0.0,0.0,1016.6
32.8,15.5,28.0,2.6,0.0,1.0,1015.8
32.9,15.5,37.3,3.3,0.0,1.0,1016.2
32.9,15.5,49.9,4.4,0.0,1.0,1016.6
32.9,15.5,66.6,5.4,0.0,0.0,1016.9
32.9,15.5,63.2,5.7,0.0,0.0,1017.1
32.9,15.5,59.9,6.1,0.0,0.0,1017.4
32.9,15.5,56.7,6.4,0.0,0.0,1017.7
32.9,15.5,56.8,6.4,0.0,0.0,1018.0
32.9,15.5,57.0,6.0,0.0,0.0,1018.2
32.9,15.5,57.1,5.7,0.0,0.0,1018.4
32.9,15.5,56.5,5.6,0.0,0.0,1017.8
32.9,15.5,55.9,6.0,0.0,0.0,1017.3
32.9,15.5,54.8,6.4,0.0,0.0,1016.8
32.9,15.5,59.2,6.4,0.0,0.0,1017.2
32.9,15.5,63.9,6.2,0.0,0.0,1017.5
32.9,15.2,68.8,6.1,0.0,0.0,1018.0
32.9,15.1,61.4,6.0,0.0,0.0,1018.4
32.9,15.1,54.9,5.1,0.0,0.0,1018.9
32.9,15.1,49.2,4.6,0.0,0.0,1019.3
32.9,15.1,45.4,4.5,0.0,0.0,1018.6
32.9,15.1,41.9,4.4,0.0,0.0,1017.9
32.9,15.1,38.6,4.2,0.0,0.0,1017.1
32.9,15.1,35.4,4.1,0.0,0.0,1016.4
32.9,15.1,32.5,4.0,0.0,0.0,1015.6
32.9,15.2,29.9,4.2,0.0,0.0,1014.8
31.9,15.2,30.6,4.2,0.0,0.0,1015.1
31.9,15.2,31.3,4.5,0.0,0.0,1015.3
31.9,15.2,32.1,4.9,0.0,0.0,1015.6
31.9,15.2,32.9,5.3,0.0,0.0,1015.8
31.9,15.2,33.8,5.8,0.0,0.0,1016.0
31.9,15.2,34.7,6.2,0.0,0.0,1016.3
31.9,15.2,36.3,6.2,0.0,0.0,1016.1
31.9,15.2,37.9,5.9,0.0,0.0,1015.9
31.9,15.2,39.6,5.7,0.0,0.0,1015.8
31.9,15.2,41.5,5.4,0.0,0.0,1015.6
31.9,15.2,43.4,5.2,0.0,0.0,1015.4
31.9,15.1,45.4,4.9,0.0,0.0,1015.2
31.9,15.1,44.7,4.9,0.0,0.0,1015.5
31.9,15.1,43.9,5.2,0.0,0.0,1015.8
31.9,15.1,43.1,5.5,0.0,0.0,1016.2
31.9,15.1,42.2,5.8,0.0,0.0,1016.5
31.9,15.1,41.4,6.1,0.0,0.0,1016.8
31.9,15.1,40.5,6.4,0.0,0.0,1017.2
31.9,15.1,34.9,6.4,0.0,0.0,1016.2
31.9,15.1,30.1,5.7,0.0,0.0,1015.2
31.9,15.1,26.0,4.9,0.0,0.0,1014.3
31.9,15.1,22.6,4.2,0.0,0.0,1013.3
32.3,15.1,19.6,3.4,0.0,1.0,1012.3
33.8,15.0,17.1,2.7,0.0,1.0,1011.3
33.8,15.0,19.9,2.5,0.0,1.0,1011.5
33.8,15.0,23.2,2.6,0.0,1.0,1011.8
31.0,13.2,52.4,6.7,0.0,0.0,1014.9
31.0,13.2,63.1,7.2,0.0,0.0,1015.4
31.0,13.2,59.7,7.2,0.0,0.0,1015.6
31.0,13.2,57.2,7.5,0.0,0.0,1016.3
31.0,13.2,59.0,7.5,0.0,1.0,1016.9
31.0,13.2,66.9,6.4,0.0,1.0,1017.3
31.0,13.2,74.4,5.5,0.0,0.0,1017.6
31.0,13.2,79.0,5.5,0.0,0.0,1017.4
31.0,13.2,78.4,5.1,0.0,0.0,1016.9
31.0,13.2,76.0,5.2,0.0,0.0,1016.4
31.0,13.2,76.7,6.0,0.0,0.0,1016.0
31.0,13.2,81.8,6.6,0.0,0.0,1015.8
31.0,13.2,84.1,7.2,0.0,0.0,1016.3
31.0,13.2,84.4,7.8,0.0,0.0,1017.0
30.9,13.3,79.6,8.2,0.0,0.0,1017.8
30.9,14.3,67.5,8.6,0.0,0.0,1018.5
30.9,14.4,55.0,9.2,0.0,0.0,1018.8
30.9,14.4,44.3,9.5,0.0,0.0,1018.4
30.9,14.4,34.1,9.5,0.0,0.0,1017.7
31.0,14.4,25.4,7.9,0.0,0.0,1016.8
32.0,14.4,22.6,7.3,0.0,0.0,1015.5
32.4,14.4,20.3,5.9,0.0,0.0,1014.5
32.4,14.4,24.4,4.5,0.0,0.0,1013.8
32.4,14.4,40.7,6.3,0.0,0.0,1013.6
32.4,14.4,48.0,8.8,0.0,0.0,1013.9
32.4,14.4,50.9,11.1,0.0,0.0,1014.1
32.4,14.4,47.9,11.1,0.0,0.0,1014.7
32.4,14.4,48.9,10.7,0.0,0.0,1015.7
32.4,14.4,44.2,13.6,0.0,0.0,1016.3
32.4,14.4,48.6,14.7,0.0,0.0,1016.6
32.4,14.4,50.8,14.7,0.0,0.0,1016.5
32.4,14.4,55.0,13.7,0.0,0.0,1016.6
32.4,14.4,58.7,11.3,0.0,0.0,1015.9
32.4,14.4,62.1,9.3,0.0,0.0,1015.1
32.4,14.4,65.3,9.0,0.0,0.0,1014.7
32.4,14.4,68.5,9.3,0.0,0.0,1014.3
32.4,14.4,70.4,9.3,0.0,0.0,1014.3
32.4,14.4,70.1,9.6,0.0,0.0,1015.0
32.4,15.2,65.4,10.2,0.0,0.0,1015.6
32.4,15.2,56.6,10.6,0.0,0.0,1016.0
32.4,15.2,46.3,10.6,0.0,0.0,1016.5
32.4,15.2,50.0,8.6,0.0,0.0,1016.9
32.4,15.2,54.0,8.0,0.0,0.0,1017.2
32.4,15.2,58.3,9.9,0.0,0.0,1017.5
32.4,15.2,61.8,10.3,0.0,3.0,1017.1
32.4,15.2,65.5,10.8,0.0,5.0,1016.7
31.5,15.3,69.5,11.4,0.0,7.0,1016.4
29.5,15.5,77.2,11.4,0.0,7.0,1017.1
26.6,15.5,86.0,10.7,0.0,8.0,1017.9
24.8,15.1,95.9,11.0,0.0,8.0,1018.7
24.8,15.0,94.5,11.0,0.0,8.0,1019.4
24.8,14.8,93.0,10.8,0.0,8.0,1020.2
24.8,14.7,91.6,10.7,0.0,8.0,1021.0
24.8,14.4,92.6,11.2,0.0,8.0,1021.0
24.8,14.2,93.6,11.7,0.0,8.0,1020.9
24.9,14.0,94.7,12.3,0.0,8.0,1020.9
24.9,13.7,94.0,12.3,0.0,8.0,1020.6
24.9,13.4,93.3,11.7,0.0,8.0,1020.3
24.9,13.1,92.6,11.1,0.0,8.0,1019.9
24.9,13.1,93.0,10.4,0.0,8.0,1020.1
24.9,13.1,93.4,9.7,0.0,8.0,1020.3
24.9,13.1,93.8,8.9,0.0,8.0,1020.5
24.9,13.1,91.1,8.1,0.0,8.0,1021.0
24.9,13.1,88.6,7.5,0.0,8.0,1021.5
24.9,13.1,86.1,7.0,0.0,8.0,1022.0
24.9,13.1,80.2,6.9,0.0,8.0,1021.3
24.9,13.1,74.8,6.3,0.0,8.0,1020.7
24.9,13.2,69.8,5.9,0.0,8.0,1020.0
24.1,13.2,70.8,6.0,0.0,7.0,1019.2
23.3,13.3,71.8,6.4,0.0,6.0,1018.4
22.6,13.4,72.8,6.7,0.0,5.0,1017.7
20.3,13.4,79.0,7.1,0.0,6.0,1018.1
20.0,13.4,85.8,7.6,0.0,7.0,1018.5
20.0,13.4,93.3,8.0,0.0,8.0,1018.9
20.0,13.4,94.2,8.0,0.0,8.0,1019.3
20.0,13.4,95.0,7.6,0.0,8.0,1019.6
20.0,13.4,96.0,7.2,0.0,8.0,1020.0
20.0,13.4,95.3,6.8,0.0,8.0,1019.8
20.0,13.4,94.7,7.0,0.0,8.0,1019.5
20.0,13.4,94.1,7.1,0.0,8.0,1019.3
20.0,13.4,95.4,7.1,0.0,8.0,1018.8
20.0,13.4,96.5,7.1,0.0,8.0,1018.2
20.0,13.4,97.9,7.0,0.0,8.0,1017.6
20.0,13.4,98.4,7.0,0.0,8.0,1018.0
20.0,13.4,98.9,6.5,0.0,8.0,1018.3
20.0,13.4,99.5,6.6,0.0,8.0,1018.6
20.0,14.0,92.5,6.6,0.0,6.0,1019.1
20.0,14.7,86.1,6.5,0.0,4.0,1019.7
20.0,14.7,80.2,6.5,0.0,2.0,1020.2
22.2,14.7,68.9,6.4,0.0,2.0,1019.3
25.1,14.6,59.5,5.4,0.0,1.0,1018.5
28.1,14.5,51.5,3.9,0.0,0.0,1017.7
29.2,14.3,46.1,2.8,0.0,1.0,1016.6
30.4,14.3,41.3,3.3,0.0,1.0,1015.5
31.6,14.2,37.0,3.3,0.0,2.0,1014.4
31.7,14.2,48.4,4.1,0.0,2.0,1014.9
31.7,14.2,63.4,4.9,0.0,2.0,1015.3
31.7,14.2,83.3,5.7,0.0,2.0,1015.8
31.7,14.2,86.0,5.7,0.0,2.0,1016.4
31.7,14.2,88.7,4.6,0.0,1.0,1017.1
31.7,14.2,91.7,3.6,0.0,0.0,1017.7
31.7,14.2,90.2,3.9,0.0,0.0,1017.9
31.7,14.2,88.7,5.4,0.0,0.0,1018.2
31.7,14.2,87.2,6.9,0.0,0.0,1018.4
31.7,14.2,88.9,6.9,0.0,0.0,1018.1
31.7,14.2,90.6,6.8,0.0,0.0,1017.8
31.7,14.2,92.3,6.8,0.0,0.0,1017.5
31.7,14.2,92.7,6.7,0.0,0.0,1017.9
31.7,14.2,93.1,6.7,0.0,0.0,1018.3
31.6,14.2,93.4,6.8,0.0,0.0,1018.7
31.6,15.5,81.8,6.8,0.0,0.0,1019.3
31.6,15.8,71.9,5.7,0.0,0.0,1019.8
31.6,15.8,63.3,4.9,0.0,0.0,1020.3
31.6,15.8,47.6,4.1,0.0,0.0,1019.5
31.6,15.8,35.8,3.1,0.0,0.0,1018.8
32.8,15.8,27.0,2.3,0.0,0.0,1018.0
33.2,15.7,24.6,2.0,0.0,0.0,1017.2
33.7,15.7,22.3,2.3,0.0,0.0,1016.3
34.3,15.6,20.3,2.6,0.0,0.0,1015.5
34.4,15.6,29.4,3.5,0.0,0.0,1015.9
34.4,15.6,42.3,4.8,0.0,0.0,1016.3
34.4,15.6,60.7,6.1,0.0,0.0,1016.7
34.4,15.6,60.0,6.2,0.0,0.0,1017.0
34.4,15.6,59.4,6.3,0.0,0.0,1017.4
34.4,15.6,58.7,6.4,0.0,0.0,1017.7
34.4,15.6,58.5,6.4,0.0,0.0,1018.0
34.4,15.6,58.3,6.2,0.0,0.0,1018.2
34.4,15.6,58.1,6.0,0.0,0.0,1018.5
34.4,15.6,58.7,5.9,0.0,0.0,1017.9
34.4,15.6,59.3,6.0,0.0,0.0,1017.4
34.4,15.6,60.0,6.2,0.0,0.0,1016.9
34.4,15.6,62.7,6.2,0.0,0.0,1017.3
34.4,15.6,65.6,5.9,0.0,0.0,1017.6
34.4,15.5,68.7,5.8,0.0,0.0,1018.1
34.4,15.3,60.6,5.8,0.0,0.0,1018.5
34.4,15.3,53.6,5.0,0.0,0.0,1018.9
34.4,15.3,47.5,4.8,0.0,0.0,1019.3
34.4,15.3,41.6,4.5,0.0,0.0,1018.5
34.4,15.3,36.4,4.4,0.0,0.0,1017.7
34.4,15.3,31.8,4.3,0.0,0.0,1016.9
34.4,15.3,27.9,4.2,0.0,0.0,1016.0
34.4,15.3,24.4,4.1,0.0,0.0,1015.2
34.4,15.4,21.4,4.4,0.0,0.0,1014.3
33.7,15.4,23.2,4.4,0.0,0.0,1014.7
33.7,15.4,25.0,4.6,0.0,0.0,1015.0
33.7,15.4,27.1,5.0,0.0,0.0,1015.3
33.7,15.4,29.4,5.4,0.0,0.0,1015.6
33.7,15.4,31.9,5.7,0.0,0.0,1016.0
33.7,15.4,34.7,6.1,0.0,0.0,1016.3
33.7,15.4,36.6,6.1,0.0,0.0,1016.1
33.7,15.4,38.6,5.9,0.0,0.0,1016.0
33.7,15.4,40.8,5.7,0.0,0.0,1015.8
33.7,15.4,43.0,5.4,0.0,0.0,1015.6
33.7,15.4,45.5,5.2,0.0,0.0,1015.5
33.7,14.9,48.0,5.0,0.0,0.0,1015.3
33.7,14.9,46.5,5.0,0.0,0.0,1015.6
33.7,14.9,44.9,5.2,0.0,0.0,1015.9
33.7,14.9,43.5,5.4,0.0,0.0,1016.2
33.7,14.9,42.2,5.6,0.0,0.0,1016.6
33.7,14.9,40.9,5.8,0.0,0.0,1016.9
33.7,14.9,39.6,6.0,0.0,0.0,1017.2
33.7,14.9,32.5,6.0,0.0,0.0,1016.1
33.7,14.9,26.7,5.4,0.0,0.0,1015.1
33.7,14.9,21.9,4.8,0.0,0.0,1014.1
33.7,14.9,17.9,4.2,0.0,0.0,1013.0
33.7,14.9,14.7,3.6,0.0,0.0,1012.0
35.4,14.8,12.1,3.0,0.0,0.0,1010.9
35.4,14.8,15.6,2.8,0.0,0.0,1011.2
35.4,14.8,20.0,2.8,0.0,0.0,1011.5
31.3,13.4,46.9,7.3,0.0,0.0,1014.8
31.3,13.4,60.5,7.4,0.0,0.0,1015.3
31.3,13.4,60.5,7.4,0.0,0.0,1015.6
31.3,13.4,58.0,7.2,0.0,0.0,1016.4
31.3,13.4,64.7,6.7,0.0,0.0,1017.0
31.3,13.4,71.6,5.4,0.0,1.0,1017.4
31.3,13.4,76.7,5.4,0.0,0.0,1017.6
31.3,13.4,79.7,5.4,0.0,0.0,1017.4
31.3,13.4,79.2,5.1,0.0,0.0,1016.9
31.3,13.4,77.6,5.2,0.0,0.0,1016.4
31.3,13.4,80.1,5.8,0.0,0.0,1016.0
31.3,13.4,83.6,6.3,0.0,0.0,1015.8
31.3,13.4,84.7,6.9,0.0,0.0,1016.3
31.3,13.4,84.8,7.5,0.0,0.0,1017.0
31.3,13.5,79.5,7.9,0.0,0.0,1017.8
31.3,14.3,67.4,8.4,0.0,0.0,1018.5
31.3,14.3,55.9,8.9,0.0,0.0,1018.9
31.3,14.3,45.5,8.9,0.0,0.0,1018.4
31.3,14.3,35.4,8.9,0.0,0.0,1017.8
31.3,14.3,27.4,7.6,0.0,0.0,1016.8
31.8,14.3,23.7,7.1,0.0,0.0,1015.5
32.4,14.3,20.7,5.8,0.0,0.0,1014.5
32.4,14.3,22.9,4.5,0.0,0.0,1013.7
32.4,14.3,32.3,5.7,0.0,0.0,1013.4
32.4,14.3,45.3,8.8,0.0,0.0,1013.9
32.4,14.3,48.5,11.0,0.0,0.0,1014.1
32.4,14.3,50.4,11.0,0.0,0.0,1014.7
32.4,14.3,45.3,11.7,0.0,0.0,1015.7
32.4,14.3,45.4,13.7,0.0,0.0,1016.3
32.4,14.3,49.6,14.2,0.0,0.0,1016.6
32.4,14.3,51.7,14.2,0.0,0.0,1016.5
32.4,14.3,56.5,13.2,0.0,0.0,1016.7
32.4,14.3,60.9,10.8,0.0,0.0,1016.1
32.4,14.3,64.6,8.7,0.0,0.0,1015.3
32.4,14.3,68.4,8.6,0.0,0.0,1014.8
32.4,14.3,71.1,8.8,0.0,0.0,1014.4
32.4,14.3,72.0,8.8,0.0,0.0,1014.4
32.3,14.3,71.2,9.1,0.0,0.0,1015.1
32.3,15.1,65.9,9.8,0.0,0.0,1015.7
32.3,15.1,57.3,10.3,0.0,0.0,1016.1
32.3,15.1,47.0,10.3,0.0,0.0,1016.4
32.3,15.1,50.1,9.4,0.0,0.0,1016.7
32.3,15.1,53.4,8.2,0.0,0.0,1017.0
32.3,15.1,56.8,9.8,0.0,1.0,1017.3
32.3,15.1,61.0,10.2,0.0,3.0,1017.0
32.3,15.1,65.6,10.7,0.0,5.0,1016.7
31.9,15.2,70.5,11.3,0.0,7.0,1016.3
30.3,15.3,77.8,11.3,0.0,7.0,1017.1
27.0,15.4,85.9,10.7,0.0,8.0,1017.9
25.2,15.3,94.9,10.9,0.0,8.0,1018.7
25.2,15.2,93.7,10.9,0.0,8.0,1019.4
25.2,15.0,92.3,10.7,0.0,8.0,1020.2
25.2,14.9,90.9,10.4,0.0,8.0,1021.0
25.2,14.6,91.8,10.7,0.0,8.0,1021.0
25.3,14.4,92.8,11.1,0.0,8.0,1021.0
25.3,14.2,93.7,11.6,0.0,8.0,1020.9
25.3,13.9,93.2,11.6,0.0,8.0,1020.6
25.3,13.7,92.8,11.0,0.0,8.0,1020.3
25.3,13.4,92.3,10.4,0.0,8.0,1019.9
25.3,13.4,92.4,9.8,0.0,8.0,1020.1
25.3,13.4,92.6,9.1,0.0,8.0,1020.3
25.3,13.3,92.8,8.3,0.0,8.0,1020.5
25.3,13.3,89.8,7.5,0.0,8.0,1021.0
25.3,13.3,86.9,7.0,0.0,8.0,1021.5
25.3,13.3,84.1,6.8,0.0,8.0,1022.0
25.3,13.3,78.8,6.8,0.0,8.0,1021.3
25.3,13.3,73.8,6.2,0.0,8.0,1020.6
25.3,13.3,69.2,5.7,0.0,8.0,1019.9
24.3,13.4,69.5,5.9,0.0,6.0,1019.1
23.3,13.4,69.8,6.3,0.0,5.0,1018.2
22.4,13.5,70.1,6.6,0.0,3.0,1017.4
20.8,13.5,76.4,6.9,0.0,4.0,1017.9
20.8,13.5,83.4,7.2,0.0,6.0,1018.4
20.8,13.5,91.1,7.5,0.0,7.0,1018.9
20.8,13.5,92.5,7.5,0.0,8.0,1019.2
20.8,13.5,93.8,7.2,0.0,8.0,1019.6
20.8,13.5,94.9,6.8,0.0,8.0,1020.0
20.8,13.5,94.7,6.7,0.0,8.0,1019.8
20.8,13.5,94.3,6.9,0.0,8.0,1019.6
20.8,13.5,93.9,7.2,0.0,8.0,1019.3
20.8,13.5,95.2,7.2,0.0,8.0,1018.8
20.8,13.5,96.2,7.1,0.0,8.0,1018.2
20.8,13.5,97.8,7.1,0.0,8.0,1017.6
20.8,13.5,98.3,7.1,0.0,8.0,1017.9
20.8,13.5,98.8,6.5,0.0,8.0,1018.3
20.7,13.5,99.3,6.4,0.0,8.0,1018.6
20.7,14.2,92.5,6.4,0.0,6.0,1019.1
20.7,14.8,86.2,6.3,0.0,4.0,1019.7
20.7,14.8,80.4,6.2,0.0,2.0,1020.2
22.1,14.8,69.5,6.1,0.0,1.0,1019.3
25.0,14.7,60.3,5.1,0.0,1.0,1018.5
28.0,14.6,52.5,3.9,0.0,0.0,1017.7
29.3,14.4,45.6,2.7,0.0,1.0,1016.5
30.6,14.3,39.6,2.8,0.0,1.0,1015.4
32.0,14.3,34.4,2.8,0.0,2.0,1014.3
32.0,14.3,45.8,3.6,0.0,2.0,1014.8
32.0,14.3,61.0,4.4,0.0,2.0,1015.4
32.0,14.3,81.3,5.2,0.0,2.0,1015.9
32.0,14.3,84.3,5.2,0.0,1.0,1016.5
32.0,14.3,87.5,4.1,0.0,1.0,1017.1
32.0,14.3,90.9,3.2,0.0,0.0,1017.8
32.0,14.3,89.9,4.1,0.0,0.0,1018.0
32.0,14.3,89.0,5.5,0.0,0.0,1018.2
32.0,14.3,88.1,6.9,0.0,0.0,1018.5
32.0,14.3,89.5,6.9,0.0,0.0,1018.2
32.0,14.3,90.9,6.9,0.0,0.0,1017.9
32.0,14.3,92.3,6.9,0.0,0.0,1017.6
32.0,14.3,92.7,6.9,0.0,0.0,1018.0
32.0,14.3,93.0,6.6,0.0,0.0,1018.3
32.0,14.3,93.4,6.3,0.0,0.0,1018.8
31.9,15.6,82.0,5.9,0.0,0.0,1019.3
31.9,15.7,72.3,5.3,0.0,0.0,1019.8
31.9,15.7,63.8,4.6,0.0,0.0,1020.4
31.9,15.7,48.3,3.9,0.0,0.0,1019.6
31.9,15.7,36.6,3.0,0.0,0.0,1018.8
32.8,15.7,27.8,2.1,0.0,0.0,1018.0
33.2,15.6,25.1,1.8,0.0,0.0,1017.2
33.7,15.5,22.7,2.1,0.0,0.0,1016.3
34.2,15.5,20.5,2.3,0.0,0.0,1015.5
34.3,15.5,29.0,3.4,0.0,0.0,1015.9
34.3,15.5,40.7,4.7,0.0,0.0,1016.3
34.3,15.5,57.0,6.0,0.0,0.0,1016.7
34.3,15.5,56.6,6.2,0.0,0.0,1017.0
34.3,15.5,56.2,6.4,0.0,0.0,1017.4
34.3,15.5,55.8,6.6,0.0,0.0,1017.8
34.3,15.5,57.4,6.6,0.0,0.0,1018.0
34.3,15.5,59.1,6.3,0.0,0.0,1018.3
34.3,15.5,60.9,6.0,0.0,0.0,1018.5
34.3,15.5,61.5,5.9,0.0,0.0,1018.0
34.3,15.5,62.1,6.1,0.0,0.0,1017.5
34.3,15.5,62.7,6.2,0.0,0.0,1017.0
34.3,15.5,65.5,6.2,0.0,0.0,1017.3
34.3,15.5,68.5,5.8,0.0,0.0,1017.7
34.3,14.9,71.7,5.4,0.0,0.0,1018.2
34.3,14.8,62.5,5.0,0.0,0.0,1018.6
34.3,14.8,54.8,4.8,0.0,0.0,1019.0
34.3,14.8,48.2,4.6,0.0,0.0,1019.3
34.3,14.8,41.5,4.4,0.0,0.0,1018.5
34.3,14.8,35.8,4.2,0.0,0.0,1017.7
34.3,14.8,30.9,4.1,0.0,0.0,1016.8
34.3,14.8,26.7,3.9,0.0,0.0,1016.0
34.3,14.8,23.1,3.8,0.0,0.0,1015.1
34.3,14.9,20.0,3.8,0.0,0.0,1014.3
34.0,14.9,21.7,3.9,0.0,0.0,1014.6
34.0,14.9,23.6,4.3,0.0,0.0,1015.0
34.0,14.9,25.8,4.7,0.0,0.0,1015.3
34.0,14.9,28.1,5.1,0.0,0.0,1015.6
34.0,14.9,30.8,5.6,0.0,0.0,1016.0
34.0,14.9,33.7,6.0,0.0,0.0,1016.4
34.0,14.9,35.8,6.0,0.0,0.0,1016.2
34.0,14.9,38.1,5.8,0.0,0.0,1016.0
34.0,14.9,40.5,5.6,0.0,0.0,1015.9
34.0,14.9,43.1,5.4,0.0,0.0,1015.7
34.0,14.9,45.9,5.1,0.0,0.0,1015.5
34.0,14.9,48.8,4.9,0.0,0.0,1015.3
34.0,14.9,47.3,4.9,0.0,0.0,1015.6
34.0,14.9,45.9,5.0,0.0,0.0,1015.9
33.9,14.9,44.5,5.2,0.0,0.0,1016.3
33.9,15.3,43.2,5.4,0.0,0.0,1016.6
33.9,15.3,41.9,5.5,0.0,0.0,1016.9
33.9,15.3,40.7,5.7,0.0,0.0,1017.2
33.9,15.3,33.2,5.7,0.0,0.0,1016.2
33.9,15.3,27.0,5.2,0.0,0.0,1015.2
33.9,15.3,22.0,4.6,0.0,0.0,1014.1
33.9,15.3,17.9,4.1,0.0,0.0,1013.1
33.9,15.3,14.5,3.5,0.0,0.0,1012.0
35.3,15.2,11.8,2.9,0.0,0.0,1010.9
35.3,15.2,15.1,2.9,0.0,0.0,1011.3
35.3,15.2,19.3,2.7,0.0,0.0,1011.6
31.0,13.1,46.5,7.4,0.0,0.0,1014.8
31.0,13.1,59.1,7.4,0.0,0.0,1015.3
31.0,13.1,59.3,7.4,0.0,0.0,1015.6
31.0,13.1,57.1,7.2,0.0,0.0,1016.4
31.0,13.1,63.5,6.7,0.0,0.0,1017.0
31.0,13.1,69.5,5.5,0.0,1.0,1017.4
31.0,13.1,74.4,5.8,0.0,0.0,1017.6
31.0,13.1,77.3,5.8,0.0,0.0,1017.4
31.0,13.1,77.8,5.5,0.0,0.0,1016.9
31.0,13.1,76.9,5.4,0.0,0.0,1016.4
31.0,13.1,78.4,5.9,0.0,0.0,1016.0
31.0,13.1,80.7,6.5,0.0,0.0,1015.8
31.0,13.1,81.7,7.1,0.0,0.0,1016.3
31.0,13.1,82.2,7.7,0.0,0.0,1017.0
31.0,13.1,77.7,8.1,0.0,0.0,1017.8
31.0,13.4,67.5,8.6,0.0,0.0,1018.5
31.0,13.4,56.5,9.1,0.0,0.0,1018.8
31.0,13.4,45.8,9.1,0.0,0.0,1018.4
31.0,13.4,35.2,9.0,0.0,0.0,1017.8
31.0,13.4,27.2,7.8,0.0,0.0,1016.8
31.5,13.4,23.6,7.2,0.0,0.0,1015.5
32.0,13.4,20.8,6.0,0.0,0.0,1014.5
32.0,13.4,22.6,4.6,0.0,0.0,1013.6
32.0,13.4,30.8,5.6,0.0,0.0,1013.3
32.0,13.4,43.6,9.0,0.0,0.0,1013.8
32.0,13.4,46.7,11.1,0.0,0.0,1014.1
32.0,13.4,49.3,11.1,0.0,0.0,1014.7
32.0,13.4,45.5,11.8,0.0,0.0,1015.7
32.0,13.4,45.4,13.9,0.0,0.0,1016.3
32.0,13.4,49.0,14.5,0.0,0.0,1016.6
32.0,13.4,51.0,14.5,0.0,0.0,1016.5
32.0,13.4,55.9,13.3,0.0,0.0,1016.7
32.0,13.4,59.6,10.9,0.0,0.0,1016.0
32.0,13.4,62.5,8.7,0.0,0.0,1015.3
32.0,13.4,65.8,8.9,0.0,0.0,1014.8
32.0,13.4,67.9,9.1,0.0,0.0,1014.4
32.0,13.4,68.5,9.1,0.0,0.0,1014.4
32.0,13.4,68.4,9.4,0.0,0.0,1015.1
32.0,14.3,63.9,10.1,0.0,0.0,1015.7
32.0,14.7,56.7,10.6,0.0,0.0,1016.1
32.0,14.7,47.3,10.6,0.0,0.0,1016.4
32.0,14.7,50.5,9.7,0.0,0.0,1016.7
32.0,14.7,53.8,8.4,0.0,0.0,1017.0
32.0,14.7,57.1,9.9,0.0,1.0,1017.3
32.0,14.7,61.3,10.2,0.0,3.0,1017.0
32.0,14.7,65.8,10.7,0.0,4.0,1016.6
31.6,14.7,70.8,11.3,0.0,6.0,1016.3
30.1,14.9,78.0,11.3,0.0,7.0,1017.1
26.9,15.0,86.2,10.6,0.0,8.0,1017.9
25.1,15.0,98.2,10.8,0.0,8.0,1018.7
25.1,14.9,94.2,10.8,0.0,8.0,1019.5
25.1,14.8,92.6,10.6,0.0,8.0,1020.2
25.1,14.6,91.0,10.4,0.0,8.0,1021.0
25.1,14.4,92.1,10.7,0.0,8.0,1021.0
25.1,14.1,93.1,11.2,0.0,8.0,1021.0
25.2,13.9,94.1,11.7,0.0,8.0,1021.0
25.2,13.6,93.6,11.7,0.0,8.0,1020.6
25.2,13.4,93.0,11.1,0.0,8.0,1020.3
25.2,13.1,92.5,10.5,0.0,8.0,1020.0
25.2,13.1,92.7,10.0,0.0,8.0,1020.1
25.2,13.1,92.9,9.2,0.0,8.0,1020.3
25.2,13.0,93.1,8.4,0.0,8.0,1020.5
25.2,13.0,90.1,7.6,0.0,8.0,1021.0
25.2,13.0,87.3,7.1,0.0,8.0,1021.5
25.2,13.0,84.5,6.9,0.0,8.0,1021.9
25.2,13.0,79.1,6.9,0.0,8.0,1021.3
25.2,13.0,74.1,6.3,0.0,8.0,1020.6
25.2,13.0,69.5,5.9,0.0,8.0,1019.9
24.2,13.1,69.6,6.1,0.0,6.0,1019.0
23.2,13.1,69.8,6.4,0.0,4.0,1018.2
22.2,13.2,70.0,6.8,0.0,3.0,1017.4
20.7,13.2,76.3,6.9,0.0,4.0,1017.9
20.7,13.2,83.4,7.2,0.0,6.0,1018.4
20.7,13.2,91.2,7.5,0.0,7.0,1018.9
20.7,13.2,92.7,7.5,0.0,7.0,1019.2
20.7,13.2,94.1,7.2,0.0,8.0,1019.6
20.7,13.2,96.9,6.9,0.0,8.0,1020.0
20.7,13.2,95.5,6.8,0.0,8.0,1019.8
20.7,13.2,94.7,7.0,0.0,8.0,1019.6
20.7,13.2,94.3,7.2,0.0,8.0,1019.3
20.7,13.2,95.5,7.2,0.0,8.0,1018.8
20.7,13.2,98.1,7.2,0.0,8.0,1018.2
20.7,13.2,98.0,7.1,0.0,8.0,1017.6
20.7,13.2,98.4,7.1,0.0,8.0,1017.9
20.7,13.2,98.9,6.6,0.0,8.0,1018.3
20.6,13.2,99.3,6.7,0.0,8.0,1018.6
20.6,13.9,92.8,6.7,0.0,6.0,1019.1
20.6,14.4,86.8,6.6,0.0,4.0,1019.6
20.6,14.4,81.2,6.5,0.0,2.0,1020.1
21.9,14.4,70.3,6.4,0.0,1.0,1019.3
24.9,14.3,61.1,5.5,0.0,1.0,1018.5
27.8,14.2,53.2,4.4,0.0,0.0,1017.6
29.1,14.0,46.0,3.1,0.0,1.0,1016.5
30.4,14.0,39.9,3.1,0.0,1.0,1015.4
31.7,13.9,34.6,3.1,0.0,2.0,1014.2
31.8,13.9,45.1,3.7,0.0,2.0,1014.8
31.8,13.9,59.7,4.4,0.0,2.0,1015.3
31.8,13.9,79.7,5.2,0.0,1.0,1015.9
31.8,13.9,83.4,5.2,0.0,1.0,1016.5
31.8,13.9,86.5,4.2,0.0,1.0,1017.1
31.8,13.9,89.6,3.3,0.0,0.0,1017.8
31.8,13.9,88.8,4.2,0.0,0.0,1018.0
31.8,13.9,88.1,5.7,0.0,0.0,1018.2
31.8,13.9,87.4,7.1,0.0,0.0,1018.5
31.8,13.9,88.6,7.1,0.0,0.0,1018.2
31.8,13.9,89.9,7.1,0.0,0.0,1017.9
31.8,13.9,91.2,7.0,0.0,0.0,1017.6
31.8,13.9,91.3,7.0,0.0,0.0,1017.9
31.8,13.9,91.5,6.6,0.0,0.0,1018.3
31.7,13.9,91.6,6.3,0.0,0.0,1018.8
31.7,14.6,81.2,6.0,0.0,0.0,1019.3
31.7,14.6,72.1,5.3,0.0,0.0,1019.8
31.7,14.6,64.2,4.6,0.0,0.0,1020.3
31.7,14.6,48.2,3.9,0.0,0.0,1019.5
31.7,14.6,36.3,2.9,0.0,0.0,1018.7
32.7,14.6,27.2,2.0,0.0,0.0,1017.9
33.0,14.5,24.8,1.7,0.0,0.0,1017.1
33.5,14.5,22.6,2.1,0.0,0.0,1016.3
34.0,14.5,20.6,2.4,0.0,0.0,1015.5
34.1,14.5,28.7,3.5,0.0,0.0,1015.9
34.1,14.5,39.9,4.8,0.0,0.0,1016.3
34.1,14.5,55.5,6.2,0.0,0.0,1016.7
34.1,14.5,55.4,6.4,0.0,0.0,1017.0
34.1,14.5,55.3,6.5,0.0,0.0,1017.4
34.1,14.5,55.1,6.7,0.0,0.0,1017.8
34.1,14.5,56.3,6.7,0.0,0.0,1018.0
34.1,14.5,57.4,6.4,0.0,0.0,1018.3
34.1,14.5,58.6,6.2,0.0,0.0,1018.5
34.1,14.5,59.5,6.1,0.0,0.0,1018.0
34.1,14.5,60.4,6.2,0.0,0.0,1017.5
34.1,14.5,61.4,6.3,0.0,0.0,1016.9
34.1,14.5,63.9,6.3,0.0,0.0,1017.3
34.1,14.5,66.5,5.9,0.0,0.0,1017.7
34.1,13.9,69.2,5.5,0.0,0.0,1018.1
34.1,13.8,61.2,5.1,0.0,0.0,1018.5
34.1,13.8,54.3,4.9,0.0,0.0,1018.9
34.1,13.8,48.3,4.6,0.0,0.0,1019.3
34.1,13.8,41.5,4.4,0.0,0.0,1018.5
34.1,13.8,35.7,4.3,0.0,0.0,1017.6
34.1,13.8,30.7,4.1,0.0,0.0,1016.8
34.1,13.8,26.4,4.0,0.0,0.0,1015.9
34.1,13.8,22.6,3.8,0.0,0.0,1015.1
34.1,13.9,19.6,3.9,0.0,0.0,1014.2
33.8,13.9,21.3,3.9,0.0,0.0,1014.6
33.8,13.9,23.4,4.4,0.0,0.0,1014.9
33.8,13.9,25.7,4.8,0.0,0.0,1015.3
33.8,13.9,28.4,5.2,0.0,0.0,1015.6
33.8,13.9,31.4,5.7,0.0,0.0,1016.0
33.8,13.9,34.8,6.1,0.0,0.0,1016.4
33.8,13.9,36.7,6.1,0.0,0.0,1016.2
33.8,13.9,38.6,5.9,0.0,0.0,1016.0
33.8,13.9,40.6,5.7,0.0,0.0,1015.9
33.8,13.9,42.7,5.4,0.0,0.0,1015.7
33.8,13.9,44.9,5.2,0.0,0.0,1015.5
33.8,13.9,47.2,5.0,0.0,0.0,1015.3
33.8,13.9,46.1,4.9,0.0,0.0,1015.6
33.8,13.9,45.1,5.1,0.0,0.0,1015.9
33.7,13.9,44.0,5.3,0.0,0.0,1016.2
33.7,14.9,43.0,5.4,0.0,0.0,1016.6
33.7,14.9,42.0,5.6,0.0,0.0,1016.9
33.7,14.9,40.8,5.7,0.0,0.0,1017.2
33.7,14.9,33.1,5.7,0.0,0.0,1016.2
33.7,14.9,26.8,5.2,0.0,0.0,1015.1
33.7,14.9,21.7,4.7,0.0,0.0,1014.1
33.7,14.9,17.7,4.1,0.0,0.0,1013.0
33.7,14.9,14.6,3.6,0.0,0.0,1012.0
34.9,14.9,12.2,3.1,0.0,0.0,1010.9
34.9,14.9,14.7,3.1,0.0,0.0,1011.2
34.9,14.9,18.2,2.9,0.0,0.0,1011.6
31.4,12.8,44.6,7.6,0.0,0.0,1014.7
31.4,12.8,59.1,7.6,0.0,0.0,1015.3
31.4,12.8,61.2,7.4,0.0,0.0,1015.6
31.4,12.8,58.5,7.1,0.0,0.0,1016.5
31.4,12.8,67.0,6.3,0.0,0.0,1017.1
31.4,12.8,72.1,5.4,0.0,0.0,1017.5
31.4,12.8,75.8,5.8,0.0,0.0,1017.6
31.4,12.8,79.0,5.8,0.0,0.0,1017.4
31.4,12.8,80.2,5.6,0.0,0.0,1016.8
31.4,12.8,80.4,5.5,0.0,0.0,1016.4
31.4,12.8,82.4,5.9,0.0,0.0,1016.1
31.4,12.8,84.0,6.5,0.0,0.0,1015.9
31.4,12.8,83.9,7.1,0.0,0.0,1016.3
31.4,12.8,83.5,7.6,0.0,0.0,1017.0
31.3,13.0,78.4,8.0,0.0,0.0,1017.8
31.3,13.4,67.8,8.5,0.0,0.0,1018.5
31.3,13.4,57.1,9.0,0.0,0.0,1018.8
31.3,13.4,46.4,9.0,0.0,0.0,1018.4
31.3,13.4,35.6,8.8,0.0,0.0,1017.7
31.3,13.4,27.9,7.8,0.0,0.0,1016.8
31.5,13.4,24.1,7.3,0.0,0.0,1015.5
32.1,13.4,20.8,6.0,0.0,0.0,1014.5
32.1,13.4,21.2,4.8,0.0,0.0,1013.5
32.1,13.4,26.3,5.4,0.0,0.0,1013.1
32.1,13.4,43.5,9.1,0.0,0.0,1013.8
32.1,13.4,47.5,10.9,0.0,0.0,1014.1
32.1,13.4,52.6,10.9,0.0,0.0,1014.7
32.1,13.4,45.6,12.0,0.0,0.0,1015.7
32.1,13.4,47.0,13.8,0.0,0.0,1016.3
32.1,13.4,49.9,14.2,0.0,0.0,1016.6
32.1,13.4,51.8,14.2,0.0,0.0,1016.5
32.1,13.4,57.1,12.9,0.0,0.0,1016.7
32.1,13.4,61.9,10.4,0.0,0.0,1016.1
32.1,13.4,65.9,8.2,0.0,0.0,1015.3
32.1,13.4,69.9,8.4,0.0,0.0,1014.8
32.1,13.4,71.9,8.6,0.0,0.0,1014.5
32.1,13.4,71.8,8.7,0.0,0.0,1014.4
32.1,13.4,71.0,9.0,0.0,0.0,1015.1
32.1,14.1,65.6,9.8,0.0,0.0,1015.7
32.1,14.1,58.2,10.4,0.0,0.0,1016.1
32.1,14.1,48.3,10.4,0.0,0.0,1016.3
32.1,14.1,50.9,9.8,0.0,0.0,1016.6
32.1,14.1,53.6,8.4,0.0,0.0,1016.9
32.1,14.1,56.4,9.8,0.0,1.0,1017.2
32.1,14.1,60.6,10.0,0.0,2.0,1016.9
32.1,14.1,65.1,10.5,0.0,4.0,1016.5
32.0,14.2,70.0,11.1,0.0,6.0,1016.2
30.9,14.4,77.4,11.1,0.0,7.0,1017.1
27.2,14.5,85.9,10.3,0.0,8.0,1017.9
25.5,14.5,96.4,10.4,0.0,8.0,1018.7
25.5,14.5,93.7,10.4,0.0,8.0,1019.5
25.5,14.5,91.9,10.2,0.0,8.0,1020.2
25.5,14.5,90.2,10.0,0.0,8.0,1021.0
25.5,14.5,91.3,10.3,0.0,8.0,1021.0
25.5,14.3,92.3,10.8,0.0,8.0,1021.0
25.5,14.0,93.4,11.3,0.0,8.0,1021.0
25.5,13.8,92.9,11.3,0.0,8.0,1020.7
25.5,13.6,92.4,10.7,0.0,8.0,1020.3
25.5,13.3,91.9,10.2,0.0,8.0,1020.0
25.5,13.3,92.0,9.6,0.0,8.0,1020.2
25.5,13.2,92.2,8.9,0.0,8.0,1020.3
25.5,13.2,92.4,8.1,0.0,8.0,1020.6
25.5,13.1,89.2,7.4,0.0,8.0,1021.0
25.5,13.1,86.1,6.9,0.0,8.0,1021.5
25.5,13.1,83.1,6.9,0.0,8.0,1021.9
25.5,13.1,78.0,6.9,0.0,8.0,1021.2
25.5,13.1,73.2,6.3,0.0,8.0,1020.5
25.5,13.2,68.8,5.9,0.0,8.0,1019.8
24.5,13.2,68.6,6.1,0.0,6.0,1018.9
23.5,13.3,68.4,6.4,0.0,4.0,1018.1
22.5,13.3,68.2,6.8,0.0,2.0,1017.2
21.2,13.3,74.7,6.8,0.0,3.0,1017.7
21.2,13.3,81.9,7.0,0.0,5.0,1018.3
21.2,13.3,90.0,7.2,0.0,7.0,1018.8
21.2,13.3,91.6,7.2,0.0,7.0,1019.2
21.2,13.3,93.3,7.0,0.0,8.0,1019.6
21.2,13.3,95.7,6.7,0.0,8.0,1020.0
21.2,13.3,94.9,6.7,0.0,8.0,1019.8
21.2,13.3,94.4,6.9,0.0,8.0,1019.6
21.2,13.3,94.1,7.2,0.0,8.0,1019.4
21.2,13.3,95.4,7.2,0.0,8.0,1018.8
21.2,13.3,97.5,7.1,0.0,8.0,1018.2
21.2,13.3,98.0,7.0,0.0,8.0,1017.6
21.2,13.3,98.4,6.9,0.0,8.0,1017.9
21.2,13.3,98.8,6.5,0.0,8.0,1018.3
21.2,13.3,99.3,6.6,0.0,8.0,1018.6
21.1,14.1,92.9,6.6,0.0,6.0,1019.1
21.1,14.5,87.0,6.5,0.0,4.0,1019.6
21.1,14.5,81.5,6.4,0.0,1.0,1020.1
21.9,14.5,71.1,6.3,0.0,1.0,1019.3
24.8,14.4,62.2,5.5,0.0,0.0,1018.5
27.7,14.3,54.6,4.5,0.0,0.0,1017.6
29.1,14.2,46.4,3.2,0.0,1.0,1016.5
30.5,14.1,39.4,3.2,0.0,1.0,1015.3
32.0,14.0,33.5,3.0,0.0,1.0,1014.1
32.1,14.0,44.5,3.4,0.0,1.0,1014.7
32.1,14.0,59.3,4.1,0.0,1.0,1015.3
32.1,14.0,79.0,4.8,0.0,1.0,1015.9
32.1,14.0,82.5,4.8,0.0,1.0,1016.5
32.1,14.0,86.1,3.9,0.0,0.0,1017.2
32.1,14.0,89.9,3.3,0.0,0.0,1017.9
32.1,14.0,89.5,4.4,0.0,0.0,1018.1
32.1,14.0,89.2,5.8,0.0,0.0,1018.3
32.1,14.0,88.9,7.1,0.0,0.0,1018.5
32.1,14.0,89.8,7.1,0.0,0.0,1018.2
32.1,14.0,90.7,7.1,0.0,0.0,1017.9
32.1,14.0,91.7,7.0,0.0,0.0,1017.6
32.1,14.0,91.7,7.0,0.0,0.0,1018.0
32.1,14.0,91.7,6.6,0.0,0.0,1018.4
32.0,14.0,91.8,6.1,0.0,0.0,1018.8
32.0,14.7,81.2,5.7,0.0,0.0,1019.3
32.0,14.7,72.1,5.1,0.0,0.0,1019.8
32.0,14.7,64.2,4.5,0.0,0.0,1020.3
32.0,14.7,48.0,3.8,0.0,0.0,1019.5
32.0,14.7,35.9,2.8,0.0,0.0,1018.7
32.8,14.7,26.9,1.8,0.0,0.0,1017.9
33.2,14.6,24.6,1.7,0.0,0.0,1017.1
33.6,14.6,22.5,2.0,0.0,0.0,1016.3
34.1,14.5,20.6,2.4,0.0,0.0,1015.5
34.2,14.5,28.1,3.5,0.0,0.0,1015.9
34.2,14.5,38.5,4.9,0.0,0.0,1016.3
34.2,14.5,52.6,6.3,0.0,0.0,1016.7
34.2,14.5,53.6,6.4,0.0,0.0,1017.0
34.2,14.5,54.6,6.6,0.0,0.0,1017.4
34.2,14.5,55.7,6.7,0.0,0.0,1017.8
34.2,14.5,57.1,6.7,0.0,0.0,1018.1
34.2,14.5,58.5,6.5,0.0,0.0,1018.3
34.2,14.5,59.9,6.3,0.0,0.0,1018.5
34.2,14.5,61.3,6.1,0.0,0.0,1018.0
34.2,14.5,62.6,6.2,0.0,0.0,1017.5
34.2,14.5,64.0,6.3,0.0,0.0,1016.9
34.2,14.5,66.0,6.3,0.0,0.0,1017.3
34.2,14.4,68.1,5.8,0.0,0.0,1017.7
34.2,13.9,70.3,5.4,0.0,0.0,1018.1
34.2,13.8,61.8,5.0,0.0,0.0,1018.5
34.2,13.8,54.5,4.8,0.0,0.0,1018.9
34.2,13.8,48.3,4.5,0.0,0.0,1019.3
34.2,13.8,41.1,4.3,0.0,0.0,1018.4
34.2,13.8,34.9,4.2,0.0,0.0,1017.6
34.2,13.8,29.7,4.0,0.0,0.0,1016.7
34.2,13.8,25.3,3.8,0.0,0.0,1015.9
34.2,13.8,21.5,3.7,0.0,0.0,1015.0
34.2,13.8,18.3,3.7,0.0,0.0,1014.1
34.1,13.8,20.5,3.8,0.0,0.0,1014.5
34.1,13.8,23.0,4.3,0.0,0.0,1014.9
34.1,13.8,25.8,4.7,0.0,0.0,1015.3
34.1,13.8,29.1,5.2,0.0,0.0,1015.6
34.1,13.8,32.9,5.6,0.0,0.0,1016.0
34.1,13.8,37.2,6.1,0.0,0.0,1016.5
34.1,13.8,38.9,6.1,0.0,0.0,1016.3
34.1,13.8,40.7,5.9,0.0,0.0,1016.1
34.1,13.8,42.6,5.6,0.0,0.0,1015.9
34.1,13.8,44.6,5.4,0.0,0.0,1015.7
34.1,13.8,46.7,5.2,0.0,0.0,1015.5
34.1,13.8,48.9,5.0,0.0,0.0,1015.3
34.1,13.8,47.5,4.9,0.0,0.0,1015.6
34.1,13.8,46.1,5.0,0.0,0.0,1015.9
34.0,13.8,44.7,5.1,0.0,0.0,1016.2
34.0,14.9,43.5,5.2,0.0,0.0,1016.6
34.0,14.9,42.3,5.4,0.0,0.0,1016.9
34.0,14.9,41.1,5.5,0.0,0.0,1017.2
34.0,14.9,33.4,5.5,0.0,0.0,1016.1
34.0,14.9,27.2,5.0,0.0,0.0,1015.1
34.0,14.9,22.0,4.6,0.0,0.0,1014.1
34.0,14.9,17.8,4.1,0.0,0.0,1013.0
34.0,14.9,14.5,3.6,0.0,0.0,1011.9
35.0,14.8,12.0,3.2,0.0,0.0,1010.9
35.0,14.8,14.9,3.2,0.0,0.0,1011.2
35.0,14.8,18.8,3.1,0.0,0.0,1011.6
32.4,14.0,44.9,7.4,0.0,0.0,1014.8
32.4,14.0,60.1,7.4,0.0,0.0,1015.4
32.4,14.0,65.0,6.5,0.0,0.0,1015.8
32.4,14.0,62.4,6.3,0.0,0.0,1016.5
32.4,14.0,67.3,6.0,0.0,0.0,1017.2
32.4,14.0,70.7,5.2,0.0,0.0,1017.5
32.4,14.0,72.6,5.5,0.0,0.0,1017.6
32.4,14.0,76.5,5.5,0.0,0.0,1017.3
32.4,14.0,80.7,5.4,0.0,0.0,1016.8
32.4,14.0,82.9,5.6,0.0,0.0,1016.4
32.4,14.0,85.3,6.0,0.0,0.0,1016.0
32.4,14.0,86.5,6.6,0.0,0.0,1015.8
32.4,14.0,85.8,7.2,0.0,0.0,1016.2
32.4,14.1,83.8,7.8,0.0,0.0,1016.8
32.3,14.3,77.4,8.3,0.0,0.0,1017.6
32.3,15.5,64.1,8.6,0.0,0.0,1018.2
32.3,16.1,52.5,9.0,0.0,0.0,1018.6
32.3,16.1,41.9,9.0,0.0,0.0,1018.2
32.3,16.1,30.4,8.7,0.0,0.0,1017.5
32.3,16.1,24.5,7.9,0.0,0.0,1016.7
32.3,16.1,21.3,7.4,0.0,0.0,1015.4
32.5,16.1,19.3,6.2,0.0,0.0,1014.4
32.6,16.0,19.2,5.3,0.0,0.0,1013.4
32.6,16.0,20.6,5.9,0.0,0.0,1012.8
32.6,16.0,41.5,9.1,0.0,0.0,1013.6
32.6,16.0,46.3,10.3,0.0,0.0,1014.2
32.6,16.0,53.6,10.3,0.0,0.0,1014.9
32.6,16.0,48.7,11.0,0.0,0.0,1015.7
32.6,16.0,46.2,13.4,0.0,0.0,1016.1
32.6,16.0,48.4,13.8,0.0,0.0,1016.5
32.6,16.0,50.3,13.8,0.0,0.0,1016.4
32.6,16.0,55.3,12.1,0.0,0.0,1016.7
32.6,16.0,60.5,9.3,0.0,0.0,1015.9
32.6,16.0,65.5,7.5,0.0,0.0,1015.2
32.6,16.0,70.3,7.8,0.0,0.0,1014.6
32.6,16.0,73.4,8.0,0.0,0.0,1014.3
32.6,15.9,73.1,8.2,0.0,0.0,1014.3
32.6,15.9,71.2,8.5,0.0,0.0,1014.9
32.6,15.9,64.0,9.2,0.0,0.0,1015.4
32.6,15.9,54.7,9.7,0.0,0.0,1016.0
32.6,15.9,45.4,9.7,0.0,0.0,1016.1
32.6,15.9,48.0,8.5,0.0,0.0,1016.4
32.6,15.9,50.6,7.9,0.0,0.0,1016.8
32.6,15.9,53.4,9.3,0.0,0.0,1017.1
32.6,15.9,57.3,9.7,0.0,2.0,1016.8
32.6,15.9,61.4,10.1,0.0,3.0,1016.5
32.6,15.9,65.9,10.6,0.0,4.0,1016.2
32.3,16.1,73.8,10.6,0.0,5.0,1017.0
28.5,16.2,82.9,9.5,0.0,7.0,1017.9
26.2,15.8,93.3,9.4,0.0,8.0,1018.8
26.2,15.7,91.5,9.2,0.0,8.0,1019.5
26.3,15.5,89.7,9.2,0.0,8.0,1020.3
26.3,15.3,88.0,9.2,0.0,8.0,1021.0
26.3,15.0,89.1,9.6,0.0,8.0,1021.0
26.3,14.8,90.2,10.1,0.0,8.0,1021.0
26.3,14.5,91.4,10.5,0.0,8.0,1021.0
26.3,14.3,91.2,10.5,0.0,8.0,1020.7
26.3,14.0,91.1,10.2,0.0,8.0,1020.3
26.3,13.8,90.9,9.8,0.0,8.0,1020.0
26.3,13.8,91.0,9.5,0.0,8.0,1020.2
26.3,13.7,91.1,8.9,0.0,8.0,1020.3
26.3,13.6,91.2,8.3,0.0,8.0,1020.5
26.3,13.6,87.7,7.7,0.0,8.0,1021.0
26.3,13.6,84.3,7.3,0.0,8.0,1021.4
26.3,13.6,81.1,7.3,0.0,8.0,1021.9
26.3,13.6,75.5,7.3,0.0,8.0,1021.1
26.3,13.6,70.3,6.7,0.0,7.0,1020.4
26.3,13.7,65.5,6.3,0.0,7.0,1019.6
25.3,13.7,65.3,6.4,0.0,5.0,1018.8
24.3,13.8,65.0,6.6,0.0,3.0,1017.9
23.4,13.8,64.8,6.8,0.0,2.0,1017.0
22.0,13.8,71.7,6.8,0.0,3.0,1017.6
22.0,13.8,79.6,6.9,0.0,5.0,1018.2
22.0,13.8,88.4,7.0,0.0,7.0,1018.8
22.0,13.8,90.3,7.0,0.0,7.0,1019.2
22.0,13.8,92.4,6.8,0.0,8.0,1019.6
22.0,13.8,93.6,6.6,0.0,8.0,1020.0
22.0,13.8,94.2,6.6,0.0,8.0,1019.8
22.0,13.8,94.0,6.7,0.0,8.0,1019.6
22.0,13.8,93.8,6.9,0.0,8.0,1019.4
22.0,13.8,94.9,6.9,0.0,8.0,1018.8
22.0,13.8,96.0,6.7,0.0,8.0,1018.1
22.0,13.8,97.1,6.5,0.0,8.0,1017.5
22.0,13.8,97.8,6.4,0.0,8.0,1017.9
22.0,13.8,98.5,6.6,0.0,8.0,1018.2
22.0,13.8,99.2,6.6,0.0,8.0,1018.6
22.0,14.6,91.6,6.5,0.0,6.0,1019.1
22.0,15.2,84.7,6.2,0.0,3.0,1019.5
22.0,15.2,78.3,6.0,0.0,1.0,1020.0
22.8,15.2,68.0,5.8,0.0,1.0,1019.1
25.8,15.1,59.2,4.7,0.0,0.0,1018.3
28.8,15.0,51.8,3.3,0.0,0.0,1017.4
30.2,14.8,43.1,2.5,0.0,0.0,1016.3
31.6,14.8,35.9,2.8,0.0,1.0,1015.1
33.0,14.7,29.8,3.2,0.0,1.0,1013.9
33.0,14.7,40.3,3.3,0.0,1.0,1014.6
33.0,14.7,54.4,3.8,0.0,1.0,1015.2
33.0,14.7,73.1,4.4,0.0,1.0,1015.8
33.0,14.7,79.4,4.4,0.0,0.0,1016.5
33.0,14.7,86.4,4.1,0.0,0.0,1017.1
33.0,14.7,94.1,3.8,0.0,0.0,1017.8
33.0,14.7,93.6,4.8,0.0,0.0,1018.0
33.0,14.7,93.1,5.9,0.0,0.0,1018.2
33.0,14.7,92.7,7.1,0.0,0.0,1018.4
33.0,14.7,92.6,7.1,0.0,0.0,1018.1
33.0,14.7,92.6,7.0,0.0,0.0,1017.7
33.0,14.7,92.6,6.8,0.0,0.0,1017.4
33.0,14.7,93.1,6.7,0.0,0.0,1017.8
33.0,14.7,93.6,6.2,0.0,0.0,1018.2
32.9,14.7,94.1,5.8,0.0,0.0,1018.6
32.9,16.1,79.8,5.3,0.0,0.0,1019.1
32.9,16.3,68.0,4.8,0.0,0.0,1019.7
32.9,16.3,58.1,4.3,0.0,0.0,1020.2
32.9,16.3,42.7,3.8,0.0,0.0,1019.4
32.9,16.3,31.4,2.8,0.0,0.0,1018.6
33.6,16.3,23.1,1.8,0.0,0.0,1017.8
33.8,16.2,21.7,2.1,0.0,0.0,1017.0
34.2,16.2,20.5,2.8,0.0,0.0,1016.3
34.5,16.2,19.3,3.4,0.0,0.0,1015.5
34.6,16.2,26.5,4.3,0.0,0.0,1015.9
34.6,16.2,36.2,5.5,0.0,0.0,1016.3
34.6,16.2,49.1,6.7,0.0,0.0,1016.7
34.6,16.2,52.5,6.7,0.0,0.0,1017.1
34.6,16.2,56.2,6.6,0.0,0.0,1017.5
34.6,16.2,60.2,6.5,0.0,0.0,1018.0
34.6,16.2,59.0,6.4,0.0,0.0,1018.1
34.6,16.2,57.9,6.4,0.0,0.0,1018.2
34.6,16.2,56.8,6.4,0.0,0.0,1018.4
34.6,16.2,58.9,6.4,0.0,0.0,1017.9
34.6,16.2,61.2,6.3,0.0,0.0,1017.4
34.6,16.2,63.6,6.2,0.0,0.0,1016.9
34.6,16.2,66.3,6.1,0.0,0.0,1017.2
34.6,16.2,69.2,5.7,0.0,0.0,1017.5
34.6,15.7,72.3,5.3,0.0,0.0,1017.9
34.6,15.6,60.8,4.9,0.0,0.0,1018.3
34.6,15.6,51.4,4.7,0.0,0.0,1018.7
34.6,15.6,43.7,4.4,0.0,0.0,1019.1
34.6,15.6,37.1,4.2,0.0,0.0,1018.3
34.6,15.6,31.4,4.2,0.0,0.0,1017.4
34.6,15.6,26.6,4.1,0.0,0.0,1016.6
34.6,15.6,22.6,4.1,0.0,0.0,1015.7
34.6,15.6,19.1,4.0,0.0,0.0,1014.9
34.7,15.7,16.2,4.3,0.0,0.0,1014.0
34.7,15.7,19.0,4.3,0.0,0.0,1014.5
34.7,15.7,22.3,4.6,0.0,0.0,1014.9
34.7,15.7,26.2,5.0,0.0,0.0,1015.3
34.7,15.7,30.7,5.4,0.0,0.0,1015.7
34.7,15.7,36.1,5.7,0.0,0.0,1016.1
34.7,15.7,42.3,6.1,0.0,0.0,1016.6
34.7,15.7,43.0,6.1,0.0,0.0,1016.3
34.7,15.7,43.8,5.9,0.0,0.0,1016.1
34.7,15.7,44.5,5.7,0.0,0.0,1015.9
34.7,15.7,45.3,5.4,0.0,0.0,1015.6
34.7,15.7,46.1,5.2,0.0,0.0,1015.4
34.7,15.7,47.0,5.0,0.0,0.0,1015.2
34.7,15.7,44.8,4.9,0.0,0.0,1015.5
34.7,15.7,42.8,5.0,0.0,0.0,1015.7
34.6,15.7,40.9,5.1,0.0,0.0,1016.1
34.6,16.9,39.1,5.1,0.0,0.0,1016.4
34.6,16.9,37.4,5.2,0.0,0.0,1016.7
34.6,16.9,35.8,5.2,0.0,0.0,1017.0
34.6,16.9,29.7,4.9,0.0,0.0,1015.9
34.6,16.9,24.7,4.9,0.0,0.0,1014.9
34.6,16.9,20.5,4.5,0.0,0.0,1013.9
34.6,16.9,17.0,4.1,0.0,0.0,1012.9
34.6,16.9,14.1,3.7,0.0,0.0,1011.8
35.8,16.8,11.6,3.5,0.0,0.0,1010.8
35.8,16.8,14.8,3.5,0.0,0.0,1011.1
35.8,16.8,18.6,3.4,0.0,0.0,1011.5
32.3,14.1,43.7,7.6,0.0,0.0,1014.7
32.3,14.1,58.0,7.6,0.0,0.0,1015.4
32.3,14.1,64.6,6.6,0.0,0.0,1015.8
32.3,14.1,62.4,6.3,0.0,0.0,1016.7
32.3,14.1,70.2,5.4,0.0,0.0,1017.3
32.3,14.1,72.2,5.2,0.0,0.0,1017.5
32.3,14.1,73.5,5.7,0.0,0.0,1017.7
32.3,14.1,77.9,5.7,0.0,0.0,1017.3
32.3,14.1,81.0,5.5,0.0,0.0,1016.8
32.3,14.1,81.9,5.6,0.0,0.0,1016.4
32.3,14.1,84.9,5.9,0.0,0.0,1016.0
32.3,14.1,85.5,6.5,0.0,0.0,1015.9
32.3,14.1,84.9,7.1,0.0,0.0,1016.3
32.3,14.1,83.5,7.6,0.0,0.0,1016.9
32.2,14.4,77.4,8.0,0.0,0.0,1017.6
32.2,15.8,64.3,8.4,0.0,0.0,1018.3
32.2,15.9,53.0,8.7,0.0,0.0,1018.7
32.2,15.9,42.5,8.7,0.0,0.0,1018.2
32.2,15.9,31.8,8.3,0.0,0.0,1017.6
32.2,15.9,25.9,7.7,0.0,0.0,1016.7
32.2,15.9,22.8,7.3,0.0,0.0,1015.5
32.3,15.9,20.3,6.0,0.0,0.0,1014.5
32.4,15.9,19.7,5.0,0.0,0.0,1013.4
32.5,15.9,20.7,5.3,0.0,0.0,1012.8
32.5,15.9,38.9,9.0,0.0,0.0,1013.6
32.5,15.9,48.1,10.1,0.0,0.0,1014.2
32.5,15.9,55.1,10.1,0.0,0.0,1014.9
32.5,15.9,46.5,11.4,0.0,0.0,1015.8
32.5,15.9,48.0,13.0,0.0,0.0,1016.2
32.5,15.9,49.7,13.3,0.0,0.0,1016.6
32.5,15.9,51.6,13.3,0.0,0.0,1016.5
32.5,15.9,57.1,11.7,0.0,0.0,1016.8
32.5,15.9,62.5,9.1,0.0,0.0,1016.0
32.5,15.9,67.0,7.4,0.0,0.0,1015.3
32.5,15.9,70.7,7.4,0.0,0.0,1014.7
32.5,15.9,72.1,7.8,0.0,0.0,1014.4
32.5,15.9,71.0,8.2,0.0,0.0,1014.4
32.5,15.9,69.7,8.5,0.0,0.0,1015.0
32.5,16.1,64.0,9.2,0.0,0.0,1015.5
32.5,16.1,55.7,9.8,0.0,0.0,1016.0
32.5,16.1,46.2,9.8,0.0,0.0,1016.1
32.5,16.1,48.8,9.4,0.0,0.0,1016.4
32.5,16.1,51.4,8.0,0.0,0.0,1016.7
32.5,16.1,54.2,8.9,0.0,1.0,1017.0
32.5,16.1,58.3,9.5,0.0,2.0,1016.7
32.5,16.1,62.6,9.9,0.0,3.0,1016.4
32.5,16.1,67.4,10.4,0.0,4.0,1016.1
32.2,16.3,75.3,10.4,0.0,6.0,1017.0
28.4,16.4,84.3,9.5,0.0,7.0,1017.9
26.2,15.7,93.1,9.4,0.0,8.0,1018.8
26.2,15.7,92.6,9.2,0.0,8.0,1019.5
26.2,15.5,90.7,9.2,0.0,8.0,1020.3
26.2,15.4,88.7,9.1,0.0,8.0,1021.0
26.2,15.1,89.8,9.5,0.0,8.0,1021.0
26.2,14.8,90.8,9.9,0.0,8.0,1021.0
26.2,14.5,91.8,10.3,0.0,8.0,1021.1
26.3,14.3,91.7,10.3,0.0,8.0,1020.7
26.3,14.1,91.6,9.9,0.0,8.0,1020.3
26.3,13.8,91.4,9.6,0.0,8.0,1020.0
26.3,13.8,91.5,9.2,0.0,8.0,1020.2
26.3,13.7,91.5,8.6,0.0,8.0,1020.4
26.3,13.6,91.5,7.9,0.0,8.0,1020.6
26.3,13.6,87.7,7.3,0.0,8.0,1021.0
26.3,13.6,84.1,7.3,0.0,8.0,1021.4
26.3,13.6,80.6,7.2,0.0,8.0,1021.8
26.3,13.6,75.2,7.2,0.0,7.0,1021.1
26.3,13.6,70.1,6.6,0.0,7.0,1020.3
26.3,13.6,65.4,6.2,0.0,6.0,1019.5
25.2,13.7,64.7,6.3,0.0,4.0,1018.7
24.2,13.7,64.0,6.5,0.0,3.0,1017.7
23.2,13.8,63.3,6.7,0.0,1.0,1016.8
22.6,13.8,70.6,6.7,0.0,3.0,1017.5
22.6,13.8,78.7,6.7,0.0,5.0,1018.1
22.6,13.8,88.0,6.7,0.0,7.0,1018.8
22.6,13.8,90.0,6.7,0.0,7.0,1019.2
22.6,13.8,92.1,6.6,0.0,8.0,1019.6
22.6,13.8,93.2,6.4,0.0,8.0,1020.0
22.6,13.8,94.3,6.5,0.0,8.0,1019.8
22.6,13.8,94.0,6.7,0.0,8.0,1019.6
22.6,13.8,93.9,6.9,0.0,8.0,1019.4
22.6,13.8,95.2,6.9,0.0,8.0,1018.8
22.6,13.8,94.6,6.7,0.0,8.0,1018.2
22.6,13.8,97.8,6.5,0.0,8.0,1017.6
22.6,13.8,98.3,6.4,0.0,8.0,1017.9
22.6,13.8,98.9,6.4,0.0,8.0,1018.2
22.6,13.8,99.3,6.4,0.0,8.0,1018.6
22.5,14.6,91.7,6.3,0.0,6.0,1019.1
22.5,15.1,84.6,6.1,0.0,3.0,1019.5
22.5,15.1,78.2,5.9,0.0,1.0,1020.0
22.8,15.1,67.8,5.8,0.0,0.0,1019.1
25.8,15.1,59.0,4.7,0.0,0.0,1018.3
28.9,14.9,51.5,3.4,0.0,0.0,1017.4
30.1,14.8,43.5,2.5,0.0,0.0,1016.3
31.5,14.7,36.7,2.7,0.0,1.0,1015.1
32.8,14.7,31.0,2.9,0.0,1.0,1014.0
32.8,14.7,41.0,3.1,0.0,1.0,1014.7
32.8,14.7,54.2,3.6,0.0,1.0,1015.3
32.8,14.7,71.5,4.1,0.0,0.0,1015.9
32.8,14.7,78.1,4.1,0.0,0.0,1016.6
32.8,14.7,85.5,3.8,0.0,0.0,1017.2
32.8,14.7,93.7,3.7,0.0,0.0,1017.9
32.8,14.7,92.6,4.8,0.0,0.0,1018.1
32.8,14.7,91.5,5.9,0.0,0.0,1018.2
32.8,14.7,90.4,7.1,0.0,0.0,1018.4
32.8,14.7,90.8,7.1,0.0,0.0,1018.1
32.8,14.7,91.2,7.0,0.0,0.0,1017.8
32.8,14.7,91.6,6.8,0.0,0.0,1017.5
32.8,14.7,91.8,6.7,0.0,0.0,1017.8
32.8,14.7,92.1,6.2,0.0,0.0,1018.2
32.8,14.7,92.4,5.8,0.0,0.0,1018.6
32.7,16.1,79.1,5.3,0.0,0.0,1019.1
32.7,16.3,67.9,4.7,0.0,0.0,1019.7
32.7,16.3,58.7,4.2,0.0,0.0,1020.2
32.7,16.3,43.4,3.7,0.0,0.0,1019.4
32.7,16.3,32.1,2.8,0.0,0.0,1018.6
33.5,16.3,23.8,1.9,0.0,0.0,1017.8
33.7,16.2,22.3,2.1,0.0,0.0,1017.0
34.1,16.2,20.9,2.5,0.0,0.0,1016.3
34.4,16.1,19.5,3.0,0.0,0.0,1015.5
34.5,16.1,26.2,4.0,0.0,0.0,1015.9
34.5,16.1,35.0,5.4,0.0,0.0,1016.3
34.5,16.1,46.4,6.7,0.0,0.0,1016.7
34.5,16.1,49.9,6.7,0.0,0.0,1017.1
34.5,16.1,53.7,6.6,0.0,0.0,1017.6
34.5,16.1,57.9,6.5,0.0,0.0,1018.0
34.5,16.1,58.1,6.5,0.0,0.0,1018.2
34.5,16.1,58.4,6.4,0.0,0.0,1018.4
34.5,16.1,58.7,6.4,0.0,0.0,1018.5
34.5,16.1,60.7,6.3,0.0,0.0,1018.0
34.5,16.1,62.7,6.2,0.0,0.0,1017.4
34.5,16.1,64.8,6.2,0.0,0.0,1016.9
34.5,16.1,67.5,6.1,0.0,0.0,1017.3
34.5,16.1,70.2,5.7,0.0,0.0,1017.6
34.5,15.5,73.1,5.2,0.0,0.0,1018.0
34.5,15.4,61.8,4.7,0.0,0.0,1018.4
34.5,15.4,52.6,4.5,0.0,0.0,1018.8
34.5,15.4,44.9,4.3,0.0,0.0,1019.2
34.5,15.4,38.0,4.0,0.0,0.0,1018.3
34.5,15.4,32.1,4.0,0.0,0.0,1017.5
34.5,15.4,27.1,3.9,0.0,0.0,1016.6
34.5,15.4,22.8,3.9,0.0,0.0,1015.8
34.5,15.4,19.2,3.8,0.0,0.0,1014.9
34.6,15.4,16.2,4.0,0.0,0.0,1014.0
34.6,15.4,18.8,4.1,0.0,0.0,1014.5
34.6,15.4,21.8,4.4,0.0,0.0,1014.9
34.6,15.4,25.2,4.8,0.0,0.0,1015.3
34.6,15.4,29.3,5.2,0.0,0.0,1015.7
34.6,15.4,34.0,5.6,0.0,0.0,1016.2
34.6,15.4,39.4,6.0,0.0,0.0,1016.6
34.6,15.4,40.3,6.0,0.0,0.0,1016.4
34.6,15.4,41.2,5.8,0.0,0.0,1016.1
34.6,15.4,42.2,5.6,0.0,0.0,1015.9
34.6,15.4,43.2,5.4,0.0,0.0,1015.7
34.6,15.4,44.3,5.2,0.0,0.0,1015.4
34.6,15.4,45.4,4.9,0.0,0.0,1015.2
34.6,15.4,44.0,4.8,0.0,0.0,1015.5
34.6,15.4,42.7,4.8,0.0,0.0,1015.8
34.5,15.4,41.5,4.9,0.0,0.0,1016.1
34.5,17.2,40.3,4.9,0.0,0.0,1016.4
34.5,17.2,39.2,5.0,0.0,0.0,1016.7
34.5,17.2,38.1,5.0,0.0,0.0,1017.0
34.5,17.2,31.4,4.7,0.0,0.0,1016.0
34.5,17.2,25.9,4.7,0.0,0.0,1015.0
34.5,17.2,21.3,4.4,0.0,0.0,1014.0
34.5,17.2,17.5,4.1,0.0,0.0,1012.9
34.5,17.2,14.4,3.8,0.0,0.0,1011.9
35.6,17.1,11.7,3.7,0.0,0.0,1010.8
35.7,17.1,14.9,3.7,0.0,0.0,1011.2
35.7,17.1,18.7,3.5,0.0,0.0,1011.6
31.9,13.7,42.2,8.1,0.0,0.0,1014.6
31.9,13.7,56.8,8.1,0.0,0.0,1015.2
31.9,13.7,64.3,7.8,0.0,0.0,1015.7
31.9,13.7,62.5,6.6,0.0,0.0,1016.7
31.9,13.7,72.3,5.1,0.0,0.0,1017.3
31.9,13.7,76.0,4.9,0.0,0.0,1017.5
31.9,13.7,79.8,5.2,0.0,0.0,1017.6
31.9,13.7,82.4,5.2,0.0,0.0,1017.4
31.9,13.7,82.4,5.0,0.0,0.0,1016.8
31.9,13.7,82.2,5.2,0.0,0.0,1016.5
31.9,13.7,84.1,5.5,0.0,0.0,1016.1
31.9,13.7,85.4,6.1,0.0,0.0,1015.9
31.9,13.7,86.0,6.6,0.0,0.0,1016.4
31.9,13.7,85.9,7.1,0.0,0.0,1017.0
31.8,13.9,81.0,7.4,0.0,0.0,1017.8
31.8,14.8,66.6,8.0,0.0,0.0,1018.6
31.8,14.8,56.6,8.3,0.0,0.0,1018.9
31.8,14.8,46.6,8.3,0.0,0.0,1018.5
31.8,14.8,36.7,7.9,0.0,0.0,1017.8
31.8,14.8,29.4,7.2,0.0,0.0,1016.9
31.8,14.8,25.0,6.9,0.0,0.0,1015.5
32.2,14.8,21.4,5.9,0.0,0.0,1014.5
32.4,14.7,20.0,4.6,0.0,0.0,1013.5
32.5,14.7,24.9,4.8,0.0,0.0,1013.1
32.5,14.7,41.5,8.0,0.0,0.0,1013.8
32.5,14.7,52.4,10.3,0.0,0.0,1014.2
32.5,14.7,51.5,11.1,0.0,0.0,1014.7
32.5,14.7,43.9,12.5,0.0,0.0,1015.7
32.5,14.7,50.7,13.2,0.0,0.0,1016.3
32.5,14.7,52.3,13.5,0.0,0.0,1016.7
32.5,14.7,53.4,13.5,0.0,0.0,1016.4
32.5,14.7,59.5,12.5,0.0,0.0,1016.7
32.5,14.7,65.1,10.1,0.0,0.0,1016.1
32.5,14.7,68.7,7.4,0.0,0.0,1015.3
32.5,14.7,72.1,7.4,0.0,0.0,1014.8
32.5,14.7,72.4,7.7,0.0,0.0,1014.4
32.5,14.7,71.1,8.1,0.0,0.0,1014.4
32.4,14.7,71.3,8.4,0.0,0.0,1015.1
32.4,15.5,66.6,9.2,0.0,0.0,1015.8
32.4,15.5,59.3,9.9,0.0,0.0,1016.2
32.4,15.5,48.9,9.9,0.0,0.0,1016.3
32.4,15.5,50.5,9.5,0.0,0.0,1016.5
32.4,15.5,52.2,8.2,0.0,1.0,1016.8
32.4,15.5,53.9,9.4,0.0,1.0,1017.0
32.4,15.5,58.6,9.7,0.0,3.0,1016.7
32.4,15.5,63.8,10.2,0.0,4.0,1016.4
32.4,15.6,69.4,10.7,0.0,6.0,1016.1
31.4,15.7,76.4,10.7,0.0,7.0,1017.0
27.6,15.8,84.2,10.2,0.0,8.0,1017.8
26.0,15.8,92.9,10.3,0.0,8.0,1018.7
26.0,15.7,91.6,10.3,0.0,8.0,1019.4
26.1,15.5,90.4,10.0,0.0,8.0,1020.2
26.1,15.3,89.2,9.6,0.0,8.0,1021.0
26.1,15.1,90.0,9.5,0.0,8.0,1021.0
26.1,14.8,90.8,9.8,0.0,8.0,1021.0
26.1,14.6,91.6,10.0,0.0,8.0,1021.1
26.1,14.4,91.3,10.0,0.0,8.0,1020.7
26.1,14.2,91.0,9.4,0.0,8.0,1020.3
26.1,14.1,90.6,8.9,0.0,8.0,1019.9
26.1,13.9,90.6,8.4,0.0,8.0,1020.1
26.1,13.8,90.6,7.7,0.0,8.0,1020.3
26.1,13.7,90.6,7.1,0.0,8.0,1020.6
26.1,13.7,86.9,6.5,0.0,8.0,1021.0
26.1,13.7,83.4,6.6,0.0,8.0,1021.4
26.1,13.7,80.1,6.7,0.0,8.0,1021.8
26.1,13.7,74.9,6.7,0.0,7.0,1021.1
26.1,13.7,70.1,6.1,0.0,7.0,1020.3
26.1,13.7,65.7,5.6,0.0,7.0,1019.5
25.0,13.8,65.9,5.9,0.0,5.0,1018.7
23.8,13.8,66.2,6.3,0.0,3.0,1017.8
22.7,13.9,66.4,6.8,0.0,1.0,1017.0
22.0,13.9,72.8,6.8,0.0,3.0,1017.6
22.0,13.9,80.0,6.7,0.0,5.0,1018.2
22.0,13.9,87.9,6.8,0.0,6.0,1018.8
22.0,13.9,90.2,6.8,0.0,7.0,1019.2
22.0,13.9,92.5,6.6,0.0,7.0,1019.6
22.0,13.9,94.3,6.3,0.0,8.0,1020.0
22.0,13.9,94.5,6.4,0.0,8.0,1019.8
22.0,13.9,94.5,6.8,0.0,8.0,1019.6
22.0,13.9,94.3,7.2,0.0,8.0,1019.4
22.0,13.9,95.5,7.2,0.0,8.0,1018.8
22.0,13.9,97.2,7.1,0.0,8.0,1018.2
22.0,13.9,98.0,7.0,0.0,8.0,1017.6
22.0,13.9,98.3,6.9,0.0,8.0,1018.0
22.0,13.9,98.6,6.3,0.0,8.0,1018.3
21.9,13.9,99.0,6.3,0.0,8.0,1018.6
21.9,14.7,92.0,6.1,0.0,6.0,1019.1
21.9,15.0,85.5,6.0,0.0,3.0,1019.6
21.9,15.0,79.6,5.8,0.0,1.0,1020.1
22.3,15.0,69.9,5.6,0.0,1.0,1019.3
25.1,15.0,61.5,4.9,0.0,0.0,1018.4
27.9,14.9,54.3,4.1,0.0,0.0,1017.6
29.1,14.7,47.6,3.3,0.0,1.0,1016.5
30.5,14.7,41.7,3.0,0.0,1.0,1015.4
31.8,14.6,36.6,2.8,0.0,2.0,1014.3
31.9,14.6,45.9,3.1,0.0,1.0,1014.8
31.9,14.6,57.6,3.6,0.0,1.0,1015.3
31.9,14.6,72.4,4.3,0.0,1.0,1015.8
31.9,14.6,77.2,4.3,0.0,0.0,1016.5
31.9,14.6,82.4,3.5,0.0,0.0,1017.2
31.9,14.6,88.0,3.3,0.0,0.0,1018.0
31.9,14.6,88.9,4.5,0.0,0.0,1018.1
31.9,14.6,89.8,5.7,0.0,0.0,1018.3
31.9,14.6,90.7,6.8,0.0,0.0,1018.5
31.9,14.6,91.2,6.8,0.0,0.0,1018.2
31.9,14.6,91.8,6.7,0.0,0.0,1017.9
31.9,14.6,92.3,6.6,0.0,0.0,1017.6
31.9,14.6,92.5,6.6,0.0,0.0,1018.0
31.9,14.6,92.6,6.1,0.0,0.0,1018.4
31.8,14.6,92.8,5.7,0.0,0.0,1018.8
31.8,15.7,81.3,5.2,0.0,0.0,1019.3
31.8,15.7,71.5,4.7,0.0,0.0,1019.8
31.8,15.7,63.0,4.1,0.0,0.0,1020.3
31.8,15.7,47.5,3.6,0.0,0.0,1019.5
31.8,15.7,35.8,2.7,0.0,0.0,1018.7
33.0,15.7,27.1,1.9,0.0,0.0,1017.9
33.4,15.6,24.6,1.9,0.0,0.0,1017.1
33.8,15.5,22.3,2.1,0.0,0.0,1016.3
34.3,15.5,20.2,2.3,0.0,0.0,1015.5
34.4,15.5,26.9,3.4,0.0,0.0,1015.9
34.4,15.5,35.7,4.9,0.0,0.0,1016.3
34.4,15.5,47.2,6.3,0.0,0.0,1016.6
34.4,15.5,49.6,6.3,0.0,0.0,1017.0
34.4,15.5,52.2,6.3,0.0,0.0,1017.5
34.4,15.5,55.0,6.5,0.0,0.0,1017.9
34.4,15.5,57.4,6.5,0.0,0.0,1018.1
34.4,15.5,59.9,6.4,0.0,0.0,1018.4
34.4,15.5,62.6,6.3,0.0,0.0,1018.6
34.4,15.5,63.9,6.1,0.0,0.0,1018.0
34.4,15.5,65.3,6.1,0.0,0.0,1017.5
34.4,15.5,66.7,6.0,0.0,0.0,1016.9
34.4,15.5,68.9,6.0,0.0,0.0,1017.3
34.4,15.5,71.2,5.5,0.0,0.0,1017.7
34.4,14.9,73.5,5.0,0.0,0.0,1018.2
34.4,14.8,63.6,4.6,0.0,0.0,1018.6
34.4,14.8,55.3,4.4,0.0,0.0,1018.9
34.4,14.8,48.3,4.3,0.0,0.0,1019.3
34.4,14.8,40.4,4.1,0.0,0.0,1018.5
34.4,14.8,33.9,4.0,0.0,0.0,1017.6
34.4,14.8,28.4,3.8,0.0,0.0,1016.8
34.4,14.8,23.8,3.6,0.0,0.0,1015.9
34.4,14.8,19.9,3.4,0.0,0.0,1015.0
34.4,14.8,16.7,3.3,0.0,0.0,1014.1
34.3,14.8,19.0,3.5,0.0,0.0,1014.5
34.3,14.8,21.7,3.9,0.0,0.0,1015.0
34.3,14.8,24.7,4.4,0.0,0.0,1015.4
34.3,14.8,28.3,4.8,0.0,0.0,1015.7
34.3,14.8,32.4,5.3,0.0,0.0,1016.2
34.3,14.8,37.1,5.7,0.0,0.0,1016.6
34.3,14.8,38.9,5.7,0.0,0.0,1016.4
34.3,14.8,40.9,5.5,0.0,0.0,1016.2
34.3,14.8,43.0,5.3,0.0,0.0,1015.9
34.3,14.8,45.3,5.1,0.0,0.0,1015.7
34.3,14.8,47.6,4.9,0.0,0.0,1015.5
34.3,14.8,50.1,4.7,0.0,0.0,1015.3
34.3,14.8,48.7,4.6,0.0,0.0,1015.6
34.3,14.8,47.3,4.7,0.0,0.0,1015.9
34.2,14.8,46.1,4.8,0.0,0.0,1016.3
34.2,16.3,44.8,4.9,0.0,0.0,1016.6
34.2,16.3,43.7,5.0,0.0,0.0,1016.9
34.2,16.3,42.5,5.2,0.0,0.0,1017.2
34.2,16.3,34.0,5.2,0.0,0.0,1016.2
34.2,16.3,27.2,4.7,0.0,0.0,1015.2
34.2,16.3,21.8,4.3,0.0,0.0,1014.1
34.2,16.3,17.4,3.9,0.0,0.0,1013.0
34.2,16.3,13.9,3.4,0.0,0.0,1012.0
35.3,16.3,11.1,3.0,0.0,0.0,1010.9
35.3,16.3,14.1,3.0,0.0,0.0,1011.3
35.3,16.3,18.0,2.8,0.0,0.0,1011.6
31.8,13.5,41.5,8.2,0.0,0.0,1014.6
31.8,13.5,57.1,8.2,0.0,0.0,1015.2
31.8,13.5,63.3,8.1,0.0,0.0,1015.6
31.8,13.5,61.8,6.9,0.0,0.0,1016.6
31.8,13.5,73.1,5.4,0.0,0.0,1017.2
31.8,13.5,78.1,4.9,0.0,0.0,1017.4
31.8,13.5,82.2,5.2,0.0,0.0,1017.6
31.8,13.5,84.3,5.2,0.0,0.0,1017.4
31.8,13.5,83.5,5.0,0.0,0.0,1016.8
31.8,13.5,83.1,5.2,0.0,0.0,1016.5
31.8,13.5,84.5,5.5,0.0,0.0,1016.1
31.8,13.5,86.0,6.0,0.0,0.0,1015.9
31.8,13.5,87.0,6.5,0.0,0.0,1016.4
31.8,13.6,87.3,7.0,0.0,0.0,1017.1
31.7,13.7,82.5,7.4,0.0,0.0,1017.9
31.7,14.1,68.1,7.9,0.0,0.0,1018.6
31.7,14.1,58.2,8.3,0.0,0.0,1019.0
31.7,14.1,48.1,8.3,0.0,0.0,1018.5
31.7,14.1,38.5,8.1,0.0,0.0,1017.8
31.7,14.1,30.7,7.2,0.0,0.0,1016.9
31.7,14.1,25.6,6.9,0.0,0.0,1015.5
32.3,14.1,21.5,6.0,0.0,0.0,1014.4
32.6,14.1,19.9,4.7,0.0,0.0,1013.4
32.6,14.1,26.3,4.9,0.0,0.0,1013.2
32.6,14.1,42.9,8.1,0.0,0.0,1013.9
32.6,14.1,51.5,10.7,0.0,0.0,1014.1
32.6,14.1,51.5,11.4,0.0,0.0,1014.6
32.6,14.1,43.1,12.8,0.0,0.0,1015.7
32.6,14.1,50.4,13.5,0.0,0.0,1016.3
32.6,14.1,53.0,13.7,0.0,0.0,1016.6
32.6,14.1,53.9,13.7,0.0,0.0,1016.4
32.6,14.1,60.2,12.8,0.0,0.0,1016.6
32.6,14.1,65.7,10.4,0.0,0.0,1016.1
32.6,14.1,69.2,7.6,0.0,0.0,1015.4
32.6,14.1,73.3,7.3,0.0,0.0,1014.8
32.6,14.1,74.2,7.6,0.0,0.0,1014.5
32.6,14.1,73.4,8.0,0.0,0.0,1014.4
32.6,14.1,73.5,8.4,0.0,0.0,1015.2
32.6,15.0,68.3,9.3,0.0,0.0,1015.8
32.6,15.0,60.7,9.9,0.0,0.0,1016.3
32.6,15.0,49.9,9.9,0.0,0.0,1016.3
32.6,15.0,51.3,9.5,0.0,0.0,1016.6
32.6,15.0,52.8,8.4,0.0,1.0,1016.8
32.6,15.0,54.3,9.6,0.0,1.0,1017.0
32.6,15.0,59.1,9.9,0.0,3.0,1016.7
32.6,15.0,64.3,10.3,0.0,5.0,1016.4
32.6,15.1,70.0,10.9,0.0,7.0,1016.2
31.2,15.3,76.7,10.9,0.0,7.0,1017.0
27.4,15.3,84.3,10.5,0.0,8.0,1017.8
25.9,15.3,92.7,10.7,0.0,8.0,1018.7
25.9,15.3,91.5,10.7,0.0,8.0,1019.4
25.9,15.3,90.4,10.3,0.0,8.0,1020.2
26.0,15.3,89.2,9.9,0.0,8.0,1020.9
26.0,15.1,90.0,9.8,0.0,8.0,1021.0
26.0,14.8,90.8,10.1,0.0,8.0,1021.0
26.0,14.6,91.6,10.3,0.0,8.0,1021.0
26.0,14.4,91.2,10.3,0.0,8.0,1020.6
26.0,14.2,90.9,9.7,0.0,8.0,1020.3
26.0,14.0,90.5,9.2,0.0,8.0,1019.9
26.0,13.9,90.5,8.6,0.0,8.0,1020.1
26.0,13.8,90.5,7.9,0.0,8.0,1020.3
26.0,13.7,90.6,7.2,0.0,8.0,1020.6
26.0,13.7,87.0,6.5,0.0,8.0,1021.0
26.0,13.7,83.6,6.5,0.0,8.0,1021.4
26.0,13.7,80.4,6.6,0.0,8.0,1021.8
26.0,13.7,75.6,6.6,0.0,8.0,1021.1
26.0,13.7,71.1,6.0,0.0,8.0,1020.4
26.0,13.7,67.0,5.5,0.0,7.0,1019.6
24.9,13.8,67.2,5.8,0.0,5.0,1018.8
23.7,13.8,67.5,6.3,0.0,3.0,1018.0
22.6,13.9,67.8,6.8,0.0,1.0,1017.1
21.6,13.9,73.9,6.8,0.0,3.0,1017.7
21.6,13.9,80.6,6.9,0.0,5.0,1018.2
21.6,13.9,88.0,7.0,0.0,7.0,1018.8
21.6,13.9,90.1,7.0,0.0,7.0,1019.2
21.6,13.9,92.2,6.7,0.0,8.0,1019.6
21.6,13.9,94.2,6.5,0.0,8.0,1020.0
21.6,13.9,94.2,6.6,0.0,8.0,1019.8
21.6,13.9,94.0,6.9,0.0,8.0,1019.6
21.6,13.9,93.8,7.3,0.0,8.0,1019.4
21.6,13.9,95.1,7.3,0.0,8.0,1018.8
21.6,13.9,96.0,7.2,0.0,8.0,1018.2
21.6,13.9,97.8,7.2,0.0,8.0,1017.6
21.6,13.9,98.2,7.1,0.0,8.0,1018.0
21.6,13.9,98.6,6.4,0.0,8.0,1018.3
21.6,13.9,99.0,6.2,0.0,8.0,1018.7
21.5,14.7,92.5,6.1,0.0,6.0,1019.2
21.5,15.0,86.6,6.0,0.0,4.0,1019.6
21.5,15.0,81.1,5.8,0.0,1.0,1020.1
21.9,15.0,71.2,5.6,0.0,1.0,1019.3
24.7,14.9,62.8,5.0,0.0,0.0,1018.5
27.5,14.8,55.5,4.3,0.0,0.0,1017.7
28.9,14.7,47.8,3.6,0.0,1.0,1016.5
30.4,14.6,41.1,3.0,0.0,1.0,1015.4
31.9,14.5,35.4,2.6,0.0,2.0,1014.3
32.0,14.5,45.7,2.9,0.0,1.0,1014.8
32.0,14.5,58.9,3.5,0.0,1.0,1015.3
32.0,14.5,75.9,4.3,0.0,1.0,1015.8
32.0,14.5,79.3,4.3,0.0,0.0,1016.5
32.0,14.5,82.8,3.5,0.0,0.0,1017.2
32.0,14.5,86.5,3.1,0.0,0.0,1018.0
32.0,14.5,87.9,4.1,0.0,0.0,1018.1
32.0,14.5,89.4,5.6,0.0,0.0,1018.3
32.0,14.5,90.8,6.8,0.0,0.0,1018.5
32.0,14.5,91.6,6.8,0.0,0.0,1018.2
32.0,14.5,92.3,6.7,0.0,0.0,1017.9
32.0,14.5,93.0,6.7,0.0,0.0,1017.6
32.0,14.5,93.2,6.6,0.0,0.0,1018.0
32.0,14.5,93.4,6.2,0.0,0.0,1018.4
31.9,14.5,93.5,5.7,0.0,0.0,1018.9
31.9,15.4,82.8,5.3,0.0,0.0,1019.4
31.9,15.4,73.5,4.7,0.0,0.0,1019.9
31.9,15.4,65.5,4.2,0.0,0.0,1020.4
31.9,15.4,49.6,3.6,0.0,0.0,1019.5
31.9,15.4,37.6,2.8,0.0,0.0,1018.7
32.9,15.4,28.6,2.1,0.0,0.0,1017.9
33.3,15.3,25.6,1.8,0.0,0.0,1017.1
33.8,15.3,23.0,1.9,0.0,0.0,1016.2
34.3,15.2,20.6,2.0,0.0,0.0,1015.4
34.4,15.2,27.6,3.2,0.0,0.0,1015.8
34.4,15.2,36.9,4.7,0.0,0.0,1016.2
34.4,15.2,49.2,6.2,0.0,0.0,1016.6
34.4,15.2,51.1,6.2,0.0,0.0,1017.0
34.4,15.2,53.2,6.4,0.0,0.0,1017.4
34.4,15.2,55.4,6.7,0.0,0.0,1017.8
34.4,15.2,58.4,6.7,0.0,0.0,1018.1
34.4,15.2,61.7,6.5,0.0,0.0,1018.3
34.4,15.2,65.1,6.2,0.0,0.0,1018.6
34.4,15.2,66.3,6.0,0.0,0.0,1018.0
34.4,15.2,67.5,6.0,0.0,0.0,1017.5
34.4,15.2,68.7,6.0,0.0,0.0,1016.9
34.4,15.2,70.4,6.0,0.0,0.0,1017.4
34.4,15.1,72.1,5.5,0.0,0.0,1017.8
34.4,14.5,73.9,5.1,0.0,0.0,1018.2
34.4,14.4,64.5,4.6,0.0,0.0,1018.6
34.4,14.4,56.6,4.5,0.0,0.0,1019.0
34.4,14.4,49.8,4.4,0.0,0.0,1019.4
34.4,14.4,41.6,4.3,0.0,0.0,1018.5
34.4,14.4,34.8,4.0,0.0,0.0,1017.6
34.4,14.4,29.1,3.8,0.0,0.0,1016.8
34.4,14.4,24.4,3.5,0.0,0.0,1015.9
34.4,14.4,20.4,3.3,0.0,0.0,1015.0
34.4,14.4,17.1,3.0,0.0,0.0,1014.1
34.3,14.4,19.5,3.3,0.0,0.0,1014.5
34.3,14.4,22.2,3.8,0.0,0.0,1014.9
34.3,14.4,25.3,4.3,0.0,0.0,1015.3
34.3,14.4,28.9,4.8,0.0,0.0,1015.7
34.3,14.4,33.0,5.3,0.0,0.0,1016.1
34.3,14.4,37.9,5.8,0.0,0.0,1016.5
34.3,14.4,39.9,5.8,0.0,0.0,1016.3
34.3,14.4,42.0,5.6,0.0,0.0,1016.1
34.3,14.4,44.2,5.4,0.0,0.0,1015.9
34.3,14.4,46.5,5.1,0.0,0.0,1015.7
34.3,14.4,49.0,4.9,0.0,0.0,1015.6
34.3,14.4,51.7,4.7,0.0,0.0,1015.4
34.3,14.4,50.2,4.6,0.0,0.0,1015.7
34.3,14.4,48.8,4.7,0.0,0.0,1016.0
34.2,14.4,47.4,4.9,0.0,0.0,1016.3
34.2,16.0,46.2,5.0,0.0,0.0,1016.7
34.2,16.0,44.9,5.1,0.0,0.0,1017.0
34.2,16.0,43.7,5.3,0.0,0.0,1017.3
34.2,16.0,34.8,5.3,0.0,0.0,1016.2
34.2,16.0,27.6,4.8,0.0,0.0,1015.2
34.2,16.0,21.9,4.3,0.0,0.0,1014.1
34.2,16.0,17.4,3.8,0.0,0.0,1013.1
34.2,16.0,13.8,3.3,0.0,0.0,1012.0
35.3,16.0,10.9,2.8,0.0,0.0,1010.9
35.3,16.0,14.2,2.7,0.0,0.0,1011.2
35.3,16.0,18.5,2.6,0.0,0.0,1011.6
31.8,13.6,42.5,8.2,0.0,1.0,1014.6
31.8,13.6,57.5,8.2,0.0,0.0,1015.2
31.8,13.6,64.4,7.9,0.0,0.0,1015.7
31.8,13.6,64.8,6.6,0.0,0.0,1016.6
31.8,13.6,74.2,5.1,0.0,0.0,1017.2
31.8,13.6,77.8,4.9,0.0,0.0,1017.4
31.8,13.6,81.4,5.1,0.0,0.0,1017.6
31.8,13.6,82.8,5.1,0.0,0.0,1017.4
31.8,13.6,82.3,4.9,0.0,0.0,1016.8
31.8,13.6,82.5,5.1,0.0,0.0,1016.5
31.8,13.6,84.4,5.4,0.0,0.0,1016.1
31.8,13.6,85.8,5.9,0.0,0.0,1016.0
31.8,13.6,86.5,6.4,0.0,0.0,1016.4
31.7,13.7,86.5,6.9,0.0,0.0,1017.1
31.7,13.9,81.8,7.3,0.0,0.0,1017.9
31.7,14.5,67.5,7.8,0.0,0.0,1018.6
31.7,14.5,57.5,8.2,0.0,0.0,1019.0
31.7,14.5,47.7,8.2,0.0,0.0,1018.5
31.7,14.5,38.2,7.9,0.0,0.0,1017.9
31.7,14.5,30.5,7.0,0.0,0.0,1016.9
31.7,14.5,25.5,6.7,0.0,0.0,1015.5
32.3,14.5,21.6,5.8,0.0,0.0,1014.5
32.4,14.4,20.3,4.5,0.0,0.0,1013.5
32.5,14.4,27.1,4.7,0.0,0.0,1013.2
32.5,14.4,43.0,7.7,0.0,0.0,1013.9
32.5,14.4,53.3,10.3,0.0,0.0,1014.2
32.5,14.4,49.9,11.4,0.0,0.0,1014.6
32.5,14.4,42.9,12.6,0.0,0.0,1015.7
32.5,14.4,50.7,13.3,0.0,0.0,1016.4
32.5,14.4,52.7,13.5,0.0,0.0,1016.7
32.5,14.4,53.6,13.5,0.0,0.0,1016.4
32.5,14.4,59.4,12.6,0.0,0.0,1016.6
32.5,14.4,65.7,10.3,0.0,0.0,1016.1
32.5,14.4,68.8,7.5,0.0,0.0,1015.4
32.5,14.4,72.3,7.3,0.0,0.0,1014.8
32.5,14.4,72.9,7.6,0.0,0.0,1014.5
32.5,14.4,72.0,7.9,0.0,0.0,1014.5
32.4,14.4,72.6,8.2,0.0,0.0,1015.2
32.4,15.2,67.7,9.1,0.0,0.0,1015.8
32.4,15.2,60.2,9.8,0.0,0.0,1016.3
32.4,15.2,49.6,9.8,0.0,0.0,1016.4
32.4,15.2,51.0,9.4,0.0,1.0,1016.6
32.4,15.2,52.5,8.1,0.0,1.0,1016.8
32.4,15.2,53.9,9.4,0.0,2.0,1017.0
32.4,15.2,58.7,9.8,0.0,3.0,1016.7
32.4,15.2,63.9,10.2,0.0,4.0,1016.4
32.4,15.3,69.7,10.8,0.0,6.0,1016.1
31.0,15.5,76.3,10.8,0.0,7.0,1017.0
27.4,15.6,83.6,10.3,0.0,8.0,1017.8
26.1,15.6,91.8,10.5,0.0,8.0,1018.6
26.1,15.6,90.9,10.5,0.0,8.0,1019.4
26.1,15.6,90.0,10.1,0.0,8.0,1020.2
26.1,15.3,89.0,9.7,0.0,8.0,1020.9
26.1,15.1,89.8,9.5,0.0,8.0,1021.0
26.1,14.9,90.5,9.7,0.0,8.0,1021.0
26.1,14.7,91.2,9.8,0.0,8.0,1021.0
26.1,14.5,90.9,9.8,0.0,8.0,1020.6
26.1,14.3,90.6,9.3,0.0,8.0,1020.2
26.1,14.2,90.3,8.7,0.0,8.0,1019.9
26.1,14.1,90.3,8.2,0.0,8.0,1020.1
26.1,13.9,90.3,7.6,0.0,8.0,1020.3
26.1,13.8,90.2,6.9,0.0,8.0,1020.6
26.1,13.8,86.6,6.3,0.0,8.0,1021.0
26.1,13.8,83.2,6.4,0.0,8.0,1021.4
26.1,13.8,79.9,6.5,0.0,8.0,1021.8
26.1,13.8,74.8,6.5,0.0,7.0,1021.1
26.1,13.8,70.1,6.0,0.0,7.0,1020.3
26.1,13.8,65.7,5.5,0.0,7.0,1019.5
25.0,13.9,66.4,5.8,0.0,5.0,1018.7
23.8,13.9,67.1,6.3,0.0,3.0,1017.9
22.7,14.0,67.9,6.8,0.0,2.0,1017.1
21.6,14.0,74.0,6.8,0.0,3.0,1017.6
21.6,14.0,80.8,6.8,0.0,5.0,1018.2
21.6,14.0,88.3,6.9,0.0,7.0,1018.8
21.6,14.0,90.5,6.9,0.0,7.0,1019.2
21.6,14.0,92.8,6.7,0.0,8.0,1019.6
21.6,14.0,94.4,6.4,0.0,8.0,1020.0
21.6,14.0,94.7,6.5,0.0,8.0,1019.8
21.6,14.0,94.7,6.8,0.0,8.0,1019.6
21.6,14.0,94.6,7.2,0.0,8.0,1019.4
21.6,14.0,95.7,7.2,0.0,8.0,1018.8
21.6,14.0,97.2,7.1,0.0,8.0,1018.2
21.6,14.0,98.0,7.1,0.0,8.0,1017.6
21.6,14.0,98.3,7.0,0.0,8.0,1018.0
21.6,14.0,98.6,6.3,0.0,8.0,1018.3
21.6,14.0,98.9,6.2,0.0,8.0,1018.6
21.6,14.8,92.1,6.1,0.0,6.0,1019.1
21.6,15.0,85.8,5.9,0.0,4.0,1019.6
21.6,15.0,80.0,5.6,0.0,2.0,1020.1
22.2,15.0,70.3,5.4,0.0,1.0,1019.3
24.9,15.0,62.0,4.7,0.0,1.0,1018.5
27.7,14.9,54.8,4.0,0.0,0.0,1017.7
29.0,14.7,48.3,3.2,0.0,1.0,1016.6
30.3,14.7,42.5,2.8,0.0,1.0,1015.4
31.7,14.6,37.5,2.5,0.0,2.0,1014.3
31.7,14.6,47.0,2.9,0.0,1.0,1014.8
31.7,14.6,59.0,3.5,0.0,1.0,1015.3
31.7,14.6,74.0,4.4,0.0,1.0,1015.8
31.7,14.6,78.0,4.4,0.0,0.0,1016.4
31.7,14.6,82.2,3.6,0.0,0.0,1017.2
31.7,14.6,86.8,3.3,0.0,0.0,1017.9
31.7,14.6,88.1,4.3,0.0,0.0,1018.1
31.7,14.6,89.6,5.6,0.0,0.0,1018.3
31.7,14.6,91.0,6.8,0.0,0.0,1018.5
31.7,14.6,91.6,6.8,0.0,0.0,1018.2
31.7,14.6,92.1,6.7,0.0,0.0,1017.9
31.7,14.6,92.7,6.6,0.0,0.0,1017.6
31.7,14.6,92.9,6.5,0.0,0.0,1018.0
31.7,14.6,93.2,6.1,0.0,0.0,1018.4
31.7,14.6,93.4,5.6,0.0,0.0,1018.8
31.7,15.6,82.3,5.2,0.0,0.0,1019.3
31.7,15.6,72.8,4.6,0.0,0.0,1019.9
31.7,15.6,64.6,4.1,0.0,0.0,1020.4
31.7,15.6,49.2,3.6,0.0,0.0,1019.5
31.7,15.6,37.6,2.8,0.0,0.0,1018.7
32.8,15.6,28.7,2.0,0.0,0.0,1017.9
33.2,15.5,25.9,1.9,0.0,0.0,1017.1
33.7,15.5,23.3,2.0,0.0,0.0,1016.3
34.2,15.4,21.0,2.2,0.0,0.0,1015.5
34.3,15.4,27.7,3.3,0.0,0.0,1015.9
34.3,15.4,36.6,4.7,0.0,0.0,1016.3
34.3,15.4,48.2,6.2,0.0,0.0,1016.6
34.3,15.4,50.1,6.2,0.0,0.0,1017.0
34.3,15.4,52.3,6.2,0.0,0.0,1017.4
34.3,15.4,54.5,6.5,0.0,0.0,1017.9
34.3,15.4,57.6,6.5,0.0,0.0,1018.1
34.3,15.4,61.0,6.4,0.0,0.0,1018.3
34.3,15.4,64.5,6.2,0.0,0.0,1018.6
34.3,15.4,65.3,6.1,0.0,0.0,1018.0
34.3,15.4,66.2,6.0,0.0,0.0,1017.5
34.3,15.4,67.0,6.0,0.0,0.0,1016.9
34.3,15.4,69.2,5.9,0.0,0.0,1017.3
34.3,15.4,71.4,5.5,0.0,0.0,1017.8
34.3,14.8,73.6,5.0,0.0,0.0,1018.2
34.3,14.7,64.3,4.5,0.0,0.0,1018.6
34.3,14.7,56.4,4.3,0.0,0.0,1019.0
34.3,14.7,49.6,4.2,0.0,0.0,1019.4
34.3,14.7,41.7,4.1,0.0,0.0,1018.5
34.3,14.7,35.0,3.9,0.0,0.0,1017.7
34.3,14.7,29.4,3.7,0.0,0.0,1016.8
34.3,14.7,24.7,3.5,0.0,0.0,1015.9
34.3,14.7,20.8,3.3,0.0,0.0,1015.0
34.3,14.7,17.5,3.1,0.0,0.0,1014.2
34.2,14.7,19.8,3.4,0.0,0.0,1014.6
34.2,14.7,22.3,3.8,0.0,0.0,1015.0
34.2,14.7,25.3,4.3,0.0,0.0,1015.4
34.2,14.7,28.7,4.8,0.0,0.0,1015.7
34.2,14.7,32.6,5.2,0.0,0.0,1016.1
34.2,14.7,37.0,5.7,0.0,0.0,1016.5
34.2,14.7,39.0,5.7,0.0,0.0,1016.3
34.2,14.7,41.1,5.5,0.0,0.0,1016.1
34.2,14.7,43.3,5.2,0.0,0.0,1015.9
34.2,14.7,45.7,5.0,0.0,0.0,1015.7
34.2,14.7,48.2,4.8,0.0,0.0,1015.5
34.2,14.7,50.8,4.6,0.0,0.0,1015.3
34.2,14.7,49.6,4.5,0.0,0.0,1015.7
34.2,14.7,48.4,4.6,0.0,0.0,1016.0
34.1,14.7,47.2,4.8,0.0,0.0,1016.3
34.1,16.2,46.1,4.9,0.0,0.0,1016.7
34.1,16.2,45.1,5.1,0.0,0.0,1017.0
34.1,16.2,44.1,5.2,0.0,0.0,1017.3
34.1,16.2,35.2,5.2,0.0,0.0,1016.3
34.1,16.2,28.1,4.7,0.0,0.0,1015.2
34.1,16.2,22.4,4.2,0.0,0.0,1014.1
34.1,16.2,17.8,3.7,0.0,0.0,1013.1
34.1,16.2,14.2,3.2,0.0,0.0,1012.0
35.2,16.1,11.3,2.7,0.0,0.0,1010.9
35.2,16.1,14.4,2.6,0.0,0.0,1011.3
35.2,16.1,18.4,2.5,0.0,0.0,1011.6
31.4,13.1,42.9,8.0,0.0,1.0,1014.6
31.4,13.1,58.8,8.3,0.0,0.0,1015.1
31.4,13.1,63.0,8.3,0.0,0.0,1015.5
31.4,13.1,64.1,7.3,0.0,0.0,1016.5
31.4,13.1,74.6,5.8,0.0,0.0,1017.2
31.4,13.1,78.8,4.9,0.0,0.0,1017.4
31.4,13.1,80.9,5.2,0.0,0.0,1017.6
31.4,13.1,80.5,5.2,0.0,0.0,1017.4
31.4,13.1,79.3,4.9,0.0,0.0,1016.9
31.4,13.1,80.1,5.0,0.0,0.0,1016.5
31.4,13.1,82.2,5.4,0.0,0.0,1016.1
31.4,13.1,83.8,5.8,0.0,0.0,1015.9
31.4,13.2,84.2,6.4,0.0,0.0,1016.4
31.3,13.2,84.5,6.9,0.0,0.0,1017.1
31.3,13.3,80.0,7.3,0.0,0.0,1017.9
31.3,13.3,68.6,7.9,0.0,0.0,1018.7
31.3,13.3,58.9,8.3,0.0,0.0,1019.0
31.3,13.3,49.2,8.3,0.0,0.0,1018.6
31.3,13.3,40.2,8.1,0.0,0.0,1017.9
31.3,13.3,32.0,7.1,0.0,0.0,1016.9
31.5,13.3,25.8,6.6,0.0,0.0,1015.5
32.3,13.3,21.5,5.7,0.0,0.0,1014.4
32.3,13.3,21.1,4.4,0.0,0.0,1013.5
32.4,13.3,31.8,5.3,0.0,0.0,1013.4
32.4,13.3,45.0,8.0,0.0,0.0,1013.9
32.4,13.3,50.9,10.8,0.0,0.0,1014.2
32.4,13.3,48.7,11.7,0.0,0.0,1014.5
32.4,13.3,40.1,13.0,0.0,0.0,1015.6
32.4,13.3,48.0,13.8,0.0,0.0,1016.3
32.4,13.3,51.9,13.8,0.0,0.0,1016.7
32.4,13.3,53.1,13.8,0.0,0.0,1016.4
32.4,13.3,58.4,13.2,0.0,0.0,1016.6
32.4,13.3,64.7,10.9,0.0,0.0,1016.1
32.4,13.3,67.0,8.1,0.0,0.0,1015.4
32.4,13.3,71.2,7.6,0.0,0.0,1014.9
32.4,13.3,72.9,7.8,0.0,0.0,1014.5
32.4,13.3,73.1,8.1,0.0,0.0,1014.5
32.3,13.3,73.8,8.3,0.0,0.0,1015.2
32.3,14.1,68.0,9.4,0.0,0.0,1015.9
32.3,14.1,60.6,9.9,0.0,0.0,1016.3
32.3,14.1,50.3,9.9,0.0,0.0,1016.5
32.3,14.1,51.9,9.5,0.0,0.0,1016.7
32.3,14.1,53.5,8.5,0.0,1.0,1016.9
32.3,14.1,55.2,9.8,0.0,1.0,1017.1
32.3,14.1,60.1,10.1,0.0,3.0,1016.8
32.3,14.1,65.5,10.5,0.0,5.0,1016.5
32.3,14.2,71.4,11.1,0.0,7.0,1016.2
30.2,14.4,77.4,11.1,0.0,7.0,1017.0
26.8,14.5,84.1,11.0,0.0,8.0,1017.8
25.6,14.5,91.5,11.2,0.0,8.0,1018.6
25.6,14.5,91.0,11.2,0.0,8.0,1019.3
25.6,14.5,90.4,10.8,0.0,8.0,1020.1
25.6,14.5,89.8,10.3,0.0,8.0,1020.9
25.6,14.5,90.5,10.1,0.0,8.0,1020.9
25.6,14.5,91.1,10.3,0.0,8.0,1020.9
25.6,14.5,91.8,10.5,0.0,8.0,1021.0
25.7,14.3,91.5,10.5,0.0,8.0,1020.6
25.7,14.1,91.2,9.9,0.0,8.0,1020.2
25.7,13.9,90.9,9.3,0.0,8.0,1019.8
25.7,13.8,90.9,8.6,0.0,8.0,1020.1
25.7,13.7,90.9,7.9,0.0,8.0,1020.3
25.7,13.6,90.9,7.2,0.0,8.0,1020.5
25.7,13.6,87.6,6.5,0.0,8.0,1021.0
25.7,13.6,84.4,6.3,0.0,8.0,1021.4
25.7,13.6,81.4,6.4,0.0,8.0,1021.9
25.7,13.6,76.8,6.4,0.0,8.0,1021.2
25.7,13.6,72.5,5.9,0.0,8.0,1020.4
25.7,13.6,68.6,5.3,0.0,8.0,1019.7
24.5,13.7,69.3,5.7,0.0,6.0,1018.9
23.3,13.7,70.1,6.3,0.0,4.0,1018.1
22.2,13.8,70.9,7.0,0.0,2.0,1017.3
20.8,13.8,76.5,7.0,0.0,4.0,1017.8
20.8,13.8,82.7,7.2,0.0,6.0,1018.3
20.8,13.8,89.4,7.4,0.0,7.0,1018.8
20.8,13.8,91.3,7.4,0.0,8.0,1019.2
20.8,13.8,93.2,7.1,0.0,8.0,1019.6
20.8,13.8,95.8,6.7,0.0,8.0,1020.0
20.8,13.8,95.1,6.7,0.0,8.0,1019.8
20.8,13.8,94.7,7.1,0.0,8.0,1019.6
20.8,13.8,94.4,7.4,0.0,8.0,1019.3
20.8,13.8,95.5,7.4,0.0,8.0,1018.8
20.8,13.8,97.0,7.4,0.0,8.0,1018.2
20.8,13.8,97.8,7.4,0.0,8.0,1017.6
20.8,13.8,98.1,7.4,0.0,8.0,1018.0
20.8,13.8,98.4,6.7,0.0,8.0,1018.3
20.7,13.8,98.7,6.3,0.0,8.0,1018.7
20.7,14.6,92.8,6.2,0.0,6.0,1019.2
20.7,14.8,87.3,6.0,0.0,4.0,1019.7
20.7,14.8,82.1,5.8,0.0,2.0,1020.2
21.7,14.8,71.6,5.5,0.0,1.0,1019.4
24.5,14.7,62.6,4.8,0.0,1.0,1018.6
27.2,14.6,55.0,4.0,0.0,0.0,1017.8
28.7,14.5,47.2,3.2,0.0,1.0,1016.6
30.3,14.4,40.6,2.6,0.0,1.0,1015.5
31.8,14.3,34.9,2.1,0.0,2.0,1014.3
31.9,14.3,46.1,2.8,0.0,1.0,1014.8
31.9,14.3,60.9,3.7,0.0,1.0,1015.3
31.9,14.3,80.5,4.7,0.0,1.0,1015.7
31.9,14.3,81.4,4.7,0.0,1.0,1016.4
31.9,14.3,82.3,3.8,0.0,0.0,1017.1
31.9,14.3,83.2,3.1,0.0,0.0,1017.8
31.9,14.3,85.0,4.4,0.0,0.0,1018.1
31.9,14.3,86.8,5.6,0.0,0.0,1018.3
31.9,14.3,88.7,6.8,0.0,0.0,1018.5
31.9,14.3,89.7,6.8,0.0,0.0,1018.2
31.9,14.3,90.7,6.8,0.0,0.0,1017.9
31.9,14.3,91.6,6.8,0.0,0.0,1017.7
31.9,14.3,92.0,6.7,0.0,0.0,1018.1
31.9,14.3,92.4,6.3,0.0,0.0,1018.5
31.8,14.3,92.7,5.9,0.0,0.0,1019.0
31.8,15.1,83.5,5.5,0.0,0.0,1019.5
31.8,15.1,75.4,4.9,0.0,0.0,1020.0
31.8,15.1,68.2,4.3,0.0,0.0,1020.5
31.8,15.1,52.8,3.7,0.0,0.0,1019.6
31.8,15.1,41.0,2.9,0.0,0.0,1018.8
32.3,15.1,31.9,2.2,0.0,0.0,1018.0
32.8,15.0,28.2,2.0,0.0,0.0,1017.1
33.4,15.0,24.9,1.9,0.0,0.0,1016.3
34.0,15.0,21.9,1.8,0.0,0.0,1015.5
34.1,15.0,29.3,2.9,0.0,0.0,1015.9
34.1,15.0,39.2,4.4,0.0,0.0,1016.3
34.1,15.0,52.4,5.9,0.0,0.0,1016.6
34.1,15.0,52.3,5.9,0.0,0.0,1017.0
34.1,15.0,52.1,6.3,0.0,0.0,1017.3
34.1,15.0,51.9,6.8,0.0,0.0,1017.7
34.1,15.0,56.3,6.8,0.0,0.0,1018.0
34.1,15.0,61.1,6.4,0.0,0.0,1018.3
34.1,15.0,66.4,6.1,0.0,0.0,1018.6
34.1,15.0,66.1,5.8,0.0,0.0,1018.0
34.1,15.0,65.7,6.0,0.0,0.0,1017.5
34.1,15.0,65.4,6.1,0.0,0.0,1016.9
34.1,15.0,67.8,6.1,0.0,0.0,1017.4
34.1,14.6,70.3,5.7,0.0,0.0,1017.8
34.1,13.9,73.0,5.2,0.0,0.0,1018.3
34.1,13.8,65.1,4.7,0.0,0.0,1018.7
34.1,13.8,58.2,4.5,0.0,0.0,1019.1
34.1,13.8,52.2,4.3,0.0,0.0,1019.5
34.1,13.8,44.2,4.1,0.0,0.0,1018.6
34.1,13.8,37.4,3.8,0.0,0.0,1017.7
34.1,13.8,31.7,3.6,0.0,0.0,1016.9
34.1,13.8,26.8,3.4,0.0,0.0,1016.0
34.1,13.8,22.7,3.2,0.0,0.0,1015.1
34.1,13.9,19.3,2.9,0.0,0.0,1014.2
34.0,13.9,21.2,3.3,0.0,0.0,1014.5
34.0,13.9,23.5,3.8,0.0,0.0,1014.9
34.0,13.9,26.0,4.4,0.0,0.0,1015.3
34.0,13.9,28.8,4.9,0.0,0.0,1015.6
34.0,13.9,32.0,5.4,0.0,0.0,1016.0
34.0,13.9,35.6,6.0,0.0,0.0,1016.4
34.0,13.9,37.8,6.0,0.0,0.0,1016.2
34.0,13.9,40.1,5.7,0.0,0.0,1016.1
34.0,13.9,42.5,5.4,0.0,0.0,1015.9
34.0,13.9,45.1,5.2,0.0,0.0,1015.7
34.0,13.9,47.9,4.9,0.0,0.0,1015.6
34.0,13.9,50.9,4.6,0.0,0.0,1015.4
34.0,13.9,50.0,4.5,0.0,0.0,1015.7
34.0,13.9,49.2,4.7,0.0,0.0,1016.0
33.9,13.9,48.3,4.9,0.0,0.0,1016.4
33.9,15.4,47.5,5.1,0.0,0.0,1016.8
33.9,15.4,46.7,5.3,0.0,0.0,1017.1
33.9,15.4,45.9,5.5,0.0,0.0,1017.4
33.9,15.4,36.5,5.5,0.0,0.0,1016.4
33.9,15.4,28.9,4.8,0.0,0.0,1015.3
33.9,15.4,22.9,4.2,0.0,0.0,1014.2
33.9,15.4,18.2,3.6,0.0,0.0,1013.1
33.9,15.4,14.4,3.0,0.0,0.0,1012.1
34.9,15.4,11.4,2.4,0.0,0.0,1011.0
34.9,15.4,14.7,2.1,0.0,0.0,1011.3
34.9,15.4,18.9,2.2,0.0,0.0,1011.6
31.4,13.2,42.9,7.8,0.0,0.0,1014.7
31.4,13.2,58.4,8.2,0.0,0.0,1015.2
31.4,13.2,60.7,8.2,0.0,0.0,1015.5
31.4,13.2,59.0,7.4,0.0,0.0,1016.4
31.4,13.2,69.3,6.1,0.0,0.0,1017.1
31.4,13.2,75.8,4.8,0.0,0.0,1017.4
31.4,13.2,79.6,5.1,0.0,0.0,1017.6
31.4,13.2,80.2,5.1,0.0,0.0,1017.4
31.4,13.2,78.5,4.9,0.0,0.0,1016.9
31.4,13.2,78.0,5.1,0.0,0.0,1016.5
31.4,13.2,80.9,5.5,0.0,0.0,1016.1
31.4,13.2,83.4,6.0,0.0,0.0,1015.9
31.4,13.3,84.3,6.5,0.0,0.0,1016.4
31.3,13.3,84.7,7.0,0.0,0.0,1017.1
31.3,13.4,79.7,7.5,0.0,0.0,1017.9
31.3,13.6,67.7,8.1,0.0,0.0,1018.7
31.3,13.6,57.6,8.5,0.0,0.0,1019.0
31.3,13.6,47.6,8.5,0.0,0.0,1018.6
31.3,13.6,38.4,8.3,0.0,0.0,1017.9
31.3,13.6,30.4,7.2,0.0,0.0,1016.9
31.6,13.6,25.0,6.7,0.0,0.0,1015.5
32.3,13.6,21.1,5.7,0.0,0.0,1014.5
32.3,13.6,21.8,4.4,0.0,0.0,1013.6
32.3,13.6,31.1,5.3,0.0,0.0,1013.4
32.3,13.6,44.3,8.2,0.0,0.0,1014.0
32.3,13.6,48.8,11.1,0.0,0.0,1014.1
32.3,13.6,49.9,11.4,0.0,0.0,1014.5
32.3,13.6,41.1,12.9,0.0,0.0,1015.6
32.3,13.6,46.7,13.9,0.0,0.0,1016.3
32.3,13.6,51.0,14.0,0.0,0.0,1016.7
32.3,13.6,52.5,14.0,0.0,0.0,1016.4
32.3,13.6,58.0,13.3,0.0,0.0,1016.6
32.3,13.6,63.1,11.0,0.0,0.0,1016.1
32.3,13.6,66.2,8.4,0.0,0.0,1015.4
32.3,13.6,70.2,8.0,0.0,0.0,1014.9
32.3,13.6,72.1,8.2,0.0,0.0,1014.5
32.3,13.6,72.4,8.5,0.0,0.0,1014.5
32.3,13.6,72.2,8.8,0.0,0.0,1015.2
32.3,14.6,66.9,9.6,0.0,0.0,1015.8
32.3,14.6,59.0,10.2,0.0,0.0,1016.2
32.3,14.6,48.6,10.2,0.0,0.0,1016.4
32.3,14.6,50.8,9.6,0.0,0.0,1016.7
32.3,14.6,53.1,8.6,0.0,1.0,1017.0
32.3,14.6,55.5,9.9,0.0,1.0,1017.2
32.3,14.6,60.5,10.2,0.0,3.0,1016.9
32.3,14.6,65.9,10.7,0.0,5.0,1016.6
32.2,14.7,71.9,11.4,0.0,7.0,1016.3
30.3,14.8,78.2,11.4,0.0,8.0,1017.1
26.9,14.9,85.2,11.2,0.0,8.0,1017.8
25.4,14.9,93.1,11.4,0.0,8.0,1018.6
25.4,14.9,92.2,11.4,0.0,8.0,1019.4
25.4,14.9,91.4,11.0,0.0,8.0,1020.1
25.4,14.9,90.6,10.6,0.0,8.0,1020.9
25.4,14.7,91.3,10.4,0.0,8.0,1020.9
25.4,14.5,92.1,10.7,0.0,8.0,1020.9
25.4,14.3,92.8,11.0,0.0,8.0,1020.9
25.4,14.1,92.4,11.0,0.0,8.0,1020.6
25.4,13.9,92.1,10.4,0.0,8.0,1020.2
25.5,13.7,91.7,9.8,0.0,8.0,1019.9
25.5,13.6,91.7,9.1,0.0,8.0,1020.1
25.5,13.5,91.8,8.3,0.0,8.0,1020.3
25.5,13.5,91.8,7.6,0.0,8.0,1020.5
25.5,13.4,88.6,6.8,0.0,8.0,1021.0
25.5,13.4,85.6,6.4,0.0,8.0,1021.5
25.5,13.4,82.7,6.5,0.0,8.0,1021.9
25.5,13.4,77.9,6.5,0.0,8.0,1021.2
25.5,13.4,73.4,5.9,0.0,8.0,1020.5
25.5,13.5,69.2,5.4,0.0,8.0,1019.8
24.3,13.5,69.5,5.7,0.0,6.0,1019.0
23.2,13.6,69.8,6.2,0.0,4.0,1018.2
22.0,13.6,70.1,6.7,0.0,2.0,1017.4
20.8,13.6,76.0,6.8,0.0,4.0,1017.8
20.8,13.6,82.5,7.1,0.0,6.0,1018.3
20.8,13.6,89.7,7.4,0.0,7.0,1018.8
20.8,13.6,91.4,7.4,0.0,8.0,1019.2
20.8,13.6,93.2,7.1,0.0,8.0,1019.6
20.8,13.6,95.4,6.7,0.0,8.0,1020.0
20.8,13.6,94.8,6.7,0.0,8.0,1019.8
20.8,13.6,94.3,7.1,0.0,8.0,1019.6
20.8,13.6,93.9,7.4,0.0,8.0,1019.3
20.8,13.6,95.2,7.4,0.0,8.0,1018.8
20.8,13.6,96.8,7.4,0.0,8.0,1018.2
20.8,13.6,97.7,7.4,0.0,8.0,1017.6
20.8,13.6,98.1,7.4,0.0,8.0,1018.0
20.8,13.6,98.5,6.7,0.0,8.0,1018.3
20.8,13.6,98.9,6.3,0.0,8.0,1018.7
20.8,14.4,92.6,6.3,0.0,6.0,1019.2
20.8,14.8,86.8,6.1,0.0,4.0,1019.7
20.8,14.8,81.4,6.0,0.0,2.0,1020.2
21.8,14.8,70.5,5.8,0.0,1.0,1019.4
24.6,14.7,61.4,5.0,0.0,1.0,1018.6
27.5,14.6,53.5,4.1,0.0,0.0,1017.7
28.9,14.4,46.0,3.1,0.0,1.0,1016.6
30.4,14.4,39.5,2.7,0.0,1.0,1015.5
31.9,14.3,33.9,2.5,0.0,2.0,1014.3
31.9,14.3,45.3,3.2,0.0,1.0,1014.8
31.9,14.3,60.5,4.0,0.0,1.0,1015.3
31.9,14.3,80.8,4.9,0.0,1.0,1015.8
31.9,14.3,82.4,4.9,0.0,1.0,1016.5
31.9,14.3,84.0,3.9,0.0,0.0,1017.2
31.9,14.3,85.7,2.9,0.0,0.0,1017.9
31.9,14.3,86.4,4.2,0.0,0.0,1018.1
31.9,14.3,87.2,5.5,0.0,0.0,1018.3
31.9,14.3,88.0,6.9,0.0,0.0,1018.5
31.9,14.3,89.2,6.9,0.0,0.0,1018.2
31.9,14.3,90.4,6.8,0.0,0.0,1017.9
31.9,14.3,91.7,6.8,0.0,0.0,1017.6
31.9,14.3,92.1,6.8,0.0,0.0,1018.1
31.9,14.3,92.5,6.5,0.0,0.0,1018.5
31.9,14.3,92.9,6.1,0.0,0.0,1018.9
31.9,15.2,82.9,5.7,0.0,0.0,1019.4
31.9,15.2,74.2,5.1,0.0,0.0,1019.9
31.9,15.2,66.5,4.4,0.0,0.0,1020.4
31.9,15.2,51.1,3.8,0.0,0.0,1019.6
31.9,15.2,39.3,3.0,0.0,0.0,1018.8
32.5,15.2,30.3,2.3,0.0,0.0,1018.0
33.0,15.1,26.8,2.0,0.0,0.0,1017.2
33.5,15.1,23.7,1.9,0.0,0.0,1016.3
34.1,15.1,20.9,1.9,0.0,1.0,1015.5
34.2,15.1,28.9,3.0,0.0,0.0,1015.9
34.2,15.1,39.8,4.4,0.0,0.0,1016.3
34.2,15.1,54.7,5.9,0.0,0.0,1016.7
34.2,15.1,53.8,5.9,0.0,0.0,1017.0
34.2,15.1,53.0,6.4,0.0,0.0,1017.4
34.2,15.1,52.1,6.8,0.0,0.0,1017.7
34.2,15.1,55.9,6.8,0.0,0.0,1018.0
34.2,15.1,59.9,6.4,0.0,0.0,1018.3
34.2,15.1,64.3,6.1,0.0,0.0,1018.6
34.2,15.1,64.3,5.8,0.0,0.0,1018.0
34.2,15.1,64.3,6.0,0.0,0.0,1017.5
34.2,15.1,64.3,6.2,0.0,0.0,1017.0
34.2,15.1,67.1,6.2,0.0,0.0,1017.4
34.2,14.8,70.1,5.7,0.0,0.0,1017.8
34.2,14.2,73.1,5.3,0.0,0.0,1018.3
34.2,14.1,64.4,4.8,0.0,0.0,1018.7
34.2,14.1,56.9,4.7,0.0,0.0,1019.1
34.2,14.1,50.5,4.5,0.0,0.0,1019.4
34.2,14.1,42.9,4.4,0.0,0.0,1018.6
34.2,14.1,36.5,4.1,0.0,0.0,1017.7
34.2,14.1,31.0,3.9,0.0,0.0,1016.9
34.2,14.1,26.4,3.6,0.0,0.0,1016.0
34.2,14.1,22.5,3.4,0.0,0.0,1015.1
34.2,14.1,19.2,3.1,0.0,0.0,1014.2
34.0,14.1,20.8,3.4,0.0,0.0,1014.6
34.0,14.1,22.7,3.9,0.0,0.0,1014.9
34.0,14.1,24.8,4.4,0.0,0.0,1015.3
34.0,14.1,27.1,4.9,0.0,0.0,1015.6
34.0,14.1,29.7,5.5,0.0,0.0,1016.0
34.0,14.1,32.5,6.0,0.0,0.0,1016.4
34.0,14.1,35.0,6.0,0.0,0.0,1016.2
34.0,14.1,37.7,5.7,0.0,0.0,1016.0
34.0,14.1,40.6,5.5,0.0,0.0,1015.9
34.0,14.1,43.8,5.3,0.0,0.0,1015.7
34.0,14.1,47.2,5.0,0.0,0.0,1015.6
34.0,14.1,50.9,4.8,0.0,0.0,1015.4
34.0,14.1,49.5,4.7,0.0,0.0,1015.7
34.0,14.1,48.2,4.9,0.0,0.0,1016.0
33.9,14.1,47.0,5.1,0.0,0.0,1016.4
33.9,15.2,45.8,5.3,0.0,0.0,1016.7
33.9,15.2,44.6,5.4,0.0,0.0,1017.0
33.9,15.2,43.5,5.6,0.0,0.0,1017.4
33.9,15.2,34.7,5.6,0.0,0.0,1016.3
33.9,15.2,27.7,5.0,0.0,0.0,1015.3
33.9,15.2,22.1,4.4,0.0,0.0,1014.2
33.9,15.2,17.6,3.8,0.0,0.0,1013.1
33.9,15.2,14.0,3.2,0.0,0.0,1012.1
35.0,15.2,11.2,2.6,0.0,0.0,1011.0
35.0,15.2,14.3,2.4,0.0,0.0,1011.3
35.0,15.2,18.4,2.3,0.0,0.0,1011.6
31.3,13.3,44.2,7.6,0.0,0.0,1014.7
31.3,13.3,59.2,8.1,0.0,0.0,1015.3
31.3,13.3,59.7,8.1,0.0,0.0,1015.5
31.3,13.3,57.5,7.5,0.0,0.0,1016.4
31.3,13.3,66.6,6.5,0.0,0.0,1017.1
31.3,13.3,73.8,5.0,0.0,1.0,1017.4
31.3,13.3,77.9,5.0,0.0,0.0,1017.6
31.3,13.3,78.1,5.0,0.0,0.0,1017.4
31.3,13.3,75.9,4.8,0.0,0.0,1016.9
31.3,13.3,74.8,5.0,0.0,0.0,1016.5
31.3,13.3,78.9,5.5,0.0,0.0,1016.1
31.3,13.3,82.2,5.9,0.0,0.0,1015.9
31.3,13.4,83.2,6.5,0.0,0.0,1016.4
31.3,13.4,83.5,7.1,0.0,0.0,1017.1
31.3,13.5,78.3,7.5,0.0,0.0,1018.0
31.3,13.9,66.8,8.1,0.0,0.0,1018.7
31.3,13.9,56.4,8.5,0.0,0.0,1019.0
31.3,13.9,46.6,8.5,0.0,0.0,1018.6
31.3,13.9,37.5,8.4,0.0,0.0,1018.0
31.3,13.9,29.5,7.2,0.0,0.0,1017.0
31.8,13.9,24.4,6.5,0.0,0.0,1015.5
32.4,13.9,20.9,5.6,0.0,0.0,1014.6
32.4,13.9,23.4,4.2,0.0,0.0,1013.7
32.4,13.9,33.9,5.6,0.0,0.0,1013.6
32.4,13.9,44.8,8.2,0.0,0.0,1014.0
32.4,13.9,47.8,11.2,0.0,0.0,1014.1
32.4,13.9,49.2,11.2,0.0,0.0,1014.5
32.4,13.9,40.6,12.7,0.0,0.0,1015.6
32.4,13.9,44.8,14.0,0.0,0.0,1016.3
32.4,13.9,49.7,14.1,0.0,0.0,1016.7
32.4,13.9,51.7,14.1,0.0,0.0,1016.5
32.4,13.9,56.6,13.5,0.0,0.0,1016.6
32.4,13.9,61.5,11.2,0.0,0.0,1016.2
32.4,13.9,64.5,8.8,0.0,0.0,1015.4
32.4,13.9,68.1,8.3,0.0,0.0,1014.9
32.4,13.9,70.3,8.6,0.0,0.0,1014.5
32.4,13.9,71.1,8.7,0.0,0.0,1014.5
32.3,13.9,70.9,9.0,0.0,0.0,1015.2
32.3,14.8,65.8,9.7,0.0,0.0,1015.8
32.3,14.8,57.5,10.3,0.0,0.0,1016.2
32.3,14.8,47.1,10.3,0.0,0.0,1016.5
32.3,14.8,50.0,9.6,0.0,0.0,1016.8
32.3,14.8,52.9,8.5,0.0,1.0,1017.1
32.3,14.8,56.0,9.9,0.0,1.0,1017.3
32.3,14.8,61.1,10.3,0.0,3.0,1017.0
32.3,14.8,66.6,10.9,0.0,5.0,1016.7
32.0,14.9,72.7,11.6,0.0,8.0,1016.4
29.8,15.1,78.9,11.6,0.0,8.0,1017.1
26.8,15.2,85.8,11.5,0.0,8.0,1017.9
25.1,15.2,93.4,11.8,0.0,8.0,1018.6
25.1,15.2,92.7,11.8,0.0,8.0,1019.3
25.1,15.0,92.0,11.3,0.0,8.0,1020.1
25.1,14.8,91.4,10.8,0.0,8.0,1020.9
25.1,14.6,92.1,10.7,0.0,8.0,1020.9
25.1,14.4,92.8,11.0,0.0,8.0,1020.9
25.2,14.2,93.5,11.4,0.0,8.0,1020.9
25.2,14.0,93.2,11.4,0.0,8.0,1020.6
25.2,13.7,92.8,10.7,0.0,8.0,1020.2
25.2,13.5,92.5,10.0,0.0,8.0,1019.9
25.2,13.5,92.5,9.4,0.0,8.0,1020.1
25.2,13.4,92.5,8.6,0.0,8.0,1020.3
25.2,13.4,92.5,7.7,0.0,8.0,1020.5
25.2,13.3,89.5,6.9,0.0,8.0,1021.0
25.2,13.3,86.7,6.5,0.0,8.0,1021.5
25.2,13.3,84.0,6.5,0.0,8.0,1021.9
25.2,13.3,78.9,6.5,0.0,8.0,1021.3
25.2,13.3,74.2,5.9,0.0,8.0,1020.6
25.2,13.4,69.9,5.4,0.0,8.0,1019.9
24.0,13.4,70.2,5.7,0.0,6.0,1019.1
22.9,13.5,70.6,6.1,0.0,5.0,1018.3
21.7,13.5,70.9,6.5,0.0,3.0,1017.5
20.6,13.5,76.9,6.9,0.0,4.0,1017.9
20.6,13.5,83.4,7.2,0.0,6.0,1018.4
20.6,13.5,90.6,7.6,0.0,8.0,1018.8
20.6,13.5,92.2,7.6,0.0,8.0,1019.2
20.6,13.5,93.8,7.2,0.0,8.0,1019.6
20.6,13.5,95.8,6.8,0.0,8.0,1020.0
20.6,13.5,95.1,6.7,0.0,8.0,1019.8
20.6,13.5,94.6,7.1,0.0,8.0,1019.5
20.6,13.5,94.1,7.4,0.0,8.0,1019.3
20.6,13.5,95.3,7.5,0.0,8.0,1018.8
20.6,13.5,96.9,7.5,0.0,7.0,1018.2
20.6,13.5,97.8,7.5,0.0,7.0,1017.6
20.6,13.5,98.1,7.5,0.0,8.0,1017.9
20.6,13.5,98.5,6.9,0.0,8.0,1018.3
20.5,13.5,98.9,6.3,0.0,8.0,1018.7
20.5,14.2,92.3,6.3,0.0,6.0,1019.2
20.5,14.7,86.2,6.2,0.0,4.0,1019.7
20.5,14.7,80.6,6.0,0.0,2.0,1020.2
22.0,14.7,69.2,5.8,0.0,1.0,1019.4
24.9,14.7,59.7,4.9,0.0,1.0,1018.6
27.7,14.5,51.7,3.8,0.0,0.0,1017.8
29.1,14.4,44.8,2.6,0.0,1.0,1016.6
30.5,14.3,38.8,2.5,0.0,1.0,1015.5
31.9,14.3,33.7,2.5,0.0,1.0,1014.4
31.9,14.3,45.3,3.4,0.0,1.0,1014.9
31.9,14.3,61.0,4.4,0.0,1.0,1015.4
31.9,14.3,82.3,5.2,0.0,1.0,1015.9
31.9,14.3,83.7,5.2,0.0,1.0,1016.5
31.9,14.3,85.2,4.2,0.0,1.0,1017.1
31.9,14.3,86.7,3.2,0.0,0.0,1017.8
31.9,14.3,86.7,4.0,0.0,0.0,1018.0
31.9,14.3,86.6,5.5,0.0,0.0,1018.3
31.9,14.3,86.6,6.9,0.0,0.0,1018.5
31.9,14.3,88.1,6.9,0.0,0.0,1018.2
31.9,14.3,89.6,6.9,0.0,0.0,1017.9
31.9,14.3,91.1,6.9,0.0,0.0,1017.6
31.9,14.3,91.7,6.9,0.0,0.0,1018.0
31.9,14.3,92.3,6.6,0.0,0.0,1018.4
31.9,14.3,92.9,6.3,0.0,0.0,1018.9
31.9,15.4,82.6,5.9,0.0,0.0,1019.4
31.9,15.4,73.7,5.2,0.0,0.0,1020.0
31.9,15.4,65.8,4.6,0.0,0.0,1020.5
31.9,15.4,50.9,3.9,0.0,0.0,1019.7
31.9,15.4,39.4,3.1,0.0,0.0,1018.9
32.3,15.4,30.6,2.4,0.0,0.0,1018.1
32.9,15.4,27.0,2.1,0.0,0.0,1017.2
33.5,15.3,23.8,2.1,0.0,0.0,1016.4
34.1,15.3,21.0,2.0,0.0,1.0,1015.5
34.2,15.3,29.5,3.0,0.0,0.0,1016.0
34.2,15.3,41.4,4.3,0.0,0.0,1016.4
34.2,15.3,57.8,5.7,0.0,0.0,1016.8
34.2,15.3,55.4,5.8,0.0,0.0,1017.0
34.2,15.3,52.9,6.3,0.0,0.0,1017.4
34.2,15.3,50.5,6.8,0.0,0.0,1017.7
34.2,15.3,54.4,6.8,0.0,0.0,1018.0
34.2,15.3,58.6,6.4,0.0,0.0,1018.3
34.2,15.3,63.1,5.9,0.0,0.0,1018.6
34.2,15.3,62.6,5.8,0.0,0.0,1018.1
34.2,15.3,62.2,6.0,0.0,0.0,1017.5
34.2,15.3,61.7,6.2,0.0,0.0,1017.0
34.2,15.3,65.3,6.2,0.0,0.0,1017.4
34.2,15.1,69.2,5.8,0.0,0.0,1017.8
34.2,14.4,73.4,5.4,0.0,0.0,1018.3
34.2,14.3,64.3,4.9,0.0,0.0,1018.7
34.2,14.3,56.6,4.8,0.0,0.0,1019.1
34.2,14.3,50.0,4.6,0.0,0.0,1019.5
34.2,14.3,43.0,4.4,0.0,0.0,1018.6
34.2,14.3,37.0,4.2,0.0,0.0,1017.8
34.2,14.3,31.9,3.9,0.0,0.0,1016.9
34.2,14.3,27.5,3.7,0.0,0.0,1016.1
34.2,14.3,23.7,3.5,0.0,0.0,1015.2
34.2,14.4,20.4,3.3,0.0,0.0,1014.3
33.8,14.4,21.6,3.5,0.0,0.0,1014.7
33.8,14.4,22.9,4.0,0.0,0.0,1015.0
33.8,14.4,24.2,4.5,0.0,0.0,1015.3
33.8,14.4,25.7,5.0,0.0,0.0,1015.6
33.8,14.4,27.3,5.5,0.0,0.0,1016.0
33.8,14.4,29.1,6.0,0.0,0.0,1016.3
33.8,14.4,31.8,6.0,0.0,0.0,1016.2
33.8,14.4,34.8,5.8,0.0,0.0,1016.0
33.8,14.4,38.1,5.5,0.0,0.0,1015.9
33.8,14.4,41.7,5.3,0.0,0.0,1015.7
33.8,14.4,45.7,5.1,0.0,0.0,1015.6
33.8,14.4,50.1,4.8,0.0,0.0,1015.4
33.8,14.4,48.7,4.8,0.0,0.0,1015.7
33.8,14.4,47.4,5.0,0.0,0.0,1016.0
33.7,14.4,46.1,5.2,0.0,0.0,1016.4
33.7,15.1,44.9,5.4,0.0,0.0,1016.7
33.7,15.1,43.7,5.6,0.0,0.0,1017.1
33.7,15.1,42.6,5.8,0.0,0.0,1017.4
33.7,15.1,34.2,5.8,0.0,0.0,1016.4
33.7,15.1,27.5,5.1,0.0,0.0,1015.3
33.7,15.1,22.1,4.5,0.0,0.0,1014.3
33.7,15.1,17.7,3.8,0.0,0.0,1013.2
33.7,15.1,14.2,3.2,0.0,0.0,1012.1
35.0,15.0,11.4,2.5,0.0,0.0,1011.0
35.0,15.0,14.5,2.3,0.0,0.0,1011.3
35.0,15.0,18.3,2.2,0.0,0.0,1011.6
29.8,14.0,42.7,7.2,0.0,0.0,1014.9
29.8,14.0,44.2,8.1,0.0,0.0,1015.4
29.8,14.0,43.2,8.1,0.0,0.0,1015.5
29.8,14.0,42.2,7.9,0.0,0.0,1016.3
29.8,14.0,48.1,7.4,0.0,1.0,1017.0
29.8,14.0,56.2,5.9,0.0,1.0,1017.3
29.8,14.0,60.7,5.5,0.0,1.0,1017.6
29.8,14.0,59.3,5.5,0.0,0.0,1017.5
29.8,14.0,54.4,5.1,0.0,0.0,1016.9
29.7,14.0,54.1,5.1,0.0,0.0,1016.5
29.7,14.4,58.2,5.6,0.0,0.0,1016.1
29.7,14.5,59.2,6.0,0.0,0.0,1015.9
29.7,15.0,60.0,6.7,0.0,0.0,1016.4
29.7,15.0,61.1,7.3,0.0,0.0,1017.1
29.7,15.4,58.5,7.9,0.0,0.0,1018.0
29.7,15.6,53.4,8.5,0.0,0.0,1018.7
29.7,15.6,47.0,8.9,0.0,0.0,1019.1
29.7,15.6,41.5,8.9,0.0,0.0,1018.8
29.7,15.6,37.9,8.8,0.0,0.0,1018.1
29.7,15.6,31.0,7.1,0.0,0.0,1017.0
30.5,15.6,26.1,6.5,0.0,0.0,1015.6
30.7,15.5,23.8,5.5,0.0,0.0,1014.7
30.8,15.5,30.9,4.3,0.0,0.0,1014.0
30.8,15.5,39.8,6.6,0.0,0.0,1013.9
30.8,15.5,35.6,8.4,0.0,0.0,1014.2
30.8,15.5,33.7,11.6,0.0,0.0,1014.2
30.8,15.5,34.9,11.6,0.0,0.0,1014.5
30.8,15.5,33.7,13.1,0.0,0.0,1015.5
30.8,15.5,36.7,14.7,0.0,0.0,1016.4
30.8,15.5,44.1,14.9,0.0,0.0,1016.8
30.8,15.5,45.5,14.9,0.0,0.0,1016.6
30.8,15.5,49.0,14.5,0.0,0.0,1016.7
30.8,15.5,50.3,12.4,0.0,0.0,1016.2
30.8,15.5,49.2,9.9,0.0,0.0,1015.4
30.8,15.5,51.8,9.5,0.0,0.0,1015.0
30.8,15.5,53.0,9.9,0.0,0.0,1014.6
30.8,15.5,53.8,9.9,0.0,0.0,1014.5
30.8,15.5,56.0,10.2,0.0,0.0,1015.3
30.8,16.0,54.0,10.8,0.0,0.0,1015.8
30.8,16.0,47.9,11.5,0.0,0.0,1016.1
30.8,16.0,43.0,11.5,0.0,0.0,1016.6
30.8,16.0,48.8,10.3,0.0,0.0,1017.0
30.8,16.0,54.8,9.3,0.0,1.0,1017.3
30.8,16.0,61.0,10.2,0.0,1.0,1017.6
30.8,16.0,66.7,10.8,0.0,3.0,1017.3
30.8,16.1,73.0,11.6,0.0,6.0,1016.9
29.8,16.2,80.0,12.5,0.0,8.0,1016.6
27.5,16.2,84.4,12.5,0.0,8.0,1017.2
26.4,15.9,90.3,12.3,0.0,8.0,1017.9
24.5,14.4,92.3,12.7,0.0,8.0,1018.6
24.0,14.2,92.6,12.7,0.12,8.0,1019.3
24.1,14.0,92.8,12.1,0.24,8.0,1020.1
24.1,13.7,93.0,11.6,0.35,8.0,1020.8
24.1,13.6,94.6,11.4,0.46,8.0,1020.8
24.1,13.5,95.1,11.7,0.56,8.0,1020.8
24.1,13.3,95.6,12.1,0.66,8.0,1020.8
24.1,13.0,93.4,12.1,0.66,8.0,1020.5
24.1,12.6,92.9,11.4,0.66,8.0,1020.2
24.1,12.2,93.3,10.6,0.66,8.0,1019.8
24.2,12.2,93.0,9.9,0.66,8.0,1020.0
24.2,12.2,92.8,9.0,0.66,8.0,1020.3
24.2,12.2,92.6,8.1,0.66,8.0,1020.5
24.2,12.2,91.2,7.3,0.66,8.0,1021.0
24.2,12.2,90.0,6.7,0.66,8.0,1021.5
24.0,12.2,88.5,6.6,0.66,8.0,1022.0
23.8,12.3,84.2,6.6,0.66,8.0,1021.4
23.6,12.3,79.7,6.0,0.66,8.0,1020.8
23.4,12.3,75.5,5.6,0.66,8.0,1020.2
22.2,12.4,76.3,5.8,0.66,7.0,1019.4
20.9,12.4,77.1,6.3,0.66,6.0,1018.6
19.7,12.5,77.9,6.9,0.66,4.0,1017.8
18.7,12.5,82.3,7.0,0.66,6.0,1018.1
18.7,12.5,87.2,7.6,0.66,7.0,1018.5
18.7,12.5,92.8,8.1,0.66,8.0,1018.9
18.7,12.5,94.0,8.1,0.55,8.0,1019.2
18.7,12.5,95.7,7.6,0.43,8.0,1019.6
18.7,12.5,100.0,7.1,0.31,8.0,1020.0
18.7,12.5,98.9,7.0,0.21,8.0,1019.7
18.7,12.5,97.0,7.3,0.1,7.0,1019.5
18.7,12.5,96.2,7.7,0.0,7.0,1019.3
18.7,12.5,97.3,7.8,0.0,7.0,1018.7
18.7,12.5,96.9,7.9,0.0,7.0,1018.2
18.7,12.5,97.4,8.0,0.0,6.0,1017.6
18.7,12.5,96.8,8.0,0.0,7.0,1017.9
18.7,12.5,96.3,7.4,0.0,7.0,1018.3
18.7,12.5,95.9,6.9,0.0,8.0,1018.6
18.7,13.0,89.8,6.9,0.0,6.0,1019.2
18.6,13.6,84.2,6.9,0.0,4.0,1019.7
18.8,14.2,79.1,6.8,0.0,2.0,1020.2
21.6,14.5,67.8,6.6,0.0,2.0,1019.4
24.3,14.3,58.7,5.7,0.0,1.0,1018.6
27.0,14.2,51.4,4.7,0.0,0.0,1017.8
28.1,14.1,45.3,3.4,0.0,0.0,1016.7
29.2,14.0,39.9,3.4,0.0,1.0,1015.6
30.4,14.0,35.0,3.4,0.0,1.0,1014.5
30.5,14.0,39.7,4.4,0.0,2.0,1015.0
30.5,14.0,48.5,5.1,0.0,2.0,1015.4
30.5,14.0,62.5,5.9,0.0,2.0,1015.9
30.5,14.0,64.5,5.9,0.0,1.0,1016.4
30.5,14.0,66.4,4.8,0.0,1.0,1017.0
30.5,14.0,68.1,3.7,0.0,0.0,1017.6
30.5,14.1,68.2,4.0,0.0,0.0,1017.9
30.5,14.1,68.2,5.6,0.0,0.0,1018.2
30.5,14.1,68.2,7.3,0.0,0.0,1018.5
30.5,14.1,68.5,7.4,0.0,0.0,1018.2
30.5,14.1,68.8,7.5,0.0,0.0,1017.9
30.5,14.1,69.0,7.6,0.0,0.0,1017.6
30.5,14.1,70.0,7.6,0.0,0.0,1018.0
30.5,14.1,71.1,7.2,0.0,0.0,1018.4
30.4,14.1,72.2,6.9,0.0,0.0,1018.9
30.4,15.4,66.7,6.6,0.0,0.0,1019.5
30.3,16.7,61.7,5.8,0.0,0.0,1020.0
30.3,17.1,57.3,5.0,0.0,0.0,1020.6
30.3,17.1,46.5,4.2,0.0,0.0,1019.8
30.3,17.1,38.9,3.4,0.0,0.0,1019.1
30.6,17.1,34.1,3.0,0.0,0.0,1018.3
31.2,17.0,29.7,2.6,0.0,0.0,1017.5
31.9,17.0,25.7,2.5,0.0,1.0,1016.6
32.6,17.0,22.2,2.3,0.0,1.0,1015.7
32.7,17.0,26.8,3.1,0.0,1.0,1016.1
32.7,17.0,35.2,4.2,0.0,0.0,1016.5
32.7,17.0,48.7,5.4,0.0,0.0,1016.9
32.7,17.0,45.2,5.9,0.0,0.0,1017.1
32.7,17.0,42.3,6.5,0.0,0.0,1017.4
32.7,17.0,40.1,7.1,0.0,0.0,1017.7
32.7,17.0,43.6,7.1,0.0,0.0,1018.0
32.7,17.0,47.5,6.5,0.0,0.0,1018.3
32.7,17.0,51.9,5.9,0.0,0.0,1018.6
32.7,17.0,50.2,5.8,0.0,0.0,1018.1
32.7,17.0,48.4,6.2,0.0,0.0,1017.6
32.7,17.0,46.8,6.7,0.0,0.0,1017.1
32.7,17.0,50.8,6.7,0.0,0.0,1017.5
32.7,16.5,55.3,6.3,0.0,0.0,1017.9
32.7,15.8,60.5,5.8,0.0,0.0,1018.4
32.7,15.7,54.4,5.3,0.0,0.0,1018.8
32.7,15.7,49.2,5.1,0.0,0.0,1019.2
32.7,15.7,44.7,4.8,0.0,0.0,1019.6
32.7,15.7,39.4,4.5,0.0,0.0,1018.8
32.7,15.7,35.0,4.3,0.0,0.0,1017.9
32.7,15.7,31.4,4.1,0.0,0.0,1017.1
32.7,15.7,28.4,3.8,0.0,0.0,1016.3
32.7,15.7,26.1,3.7,0.0,0.0,1015.4
32.7,15.8,24.4,3.8,0.0,0.0,1014.6
32.0,15.8,23.7,4.0,0.0,0.0,1014.8
32.0,15.8,23.0,4.3,0.0,0.0,1015.1
32.0,15.8,22.2,4.8,0.0,0.0,1015.4
32.0,15.8,21.3,5.3,0.0,0.0,1015.6
32.0,15.8,20.4,5.8,0.0,0.0,1015.9
32.0,15.8,19.3,6.3,0.0,0.0,1016.2
32.0,15.8,21.3,6.3,0.0,0.0,1016.1
32.0,15.8,23.6,6.0,0.0,0.0,1016.0
32.0,15.8,26.3,5.8,0.0,0.0,1015.8
32.0,15.8,29.3,5.5,0.0,0.0,1015.7
32.0,15.8,32.8,5.3,0.0,0.0,1015.5
32.0,15.8,36.7,5.0,0.0,0.0,1015.4
32.0,15.8,37.1,5.0,0.0,0.0,1015.7
32.0,15.8,37.4,5.3,0.0,0.0,1016.0
31.9,15.8,37.5,5.5,0.0,0.0,1016.4
31.9,16.0,37.6,5.8,0.0,0.0,1016.8
31.9,16.0,37.6,6.1,0.0,0.0,1017.1
31.9,16.0,37.5,6.3,0.0,0.0,1017.5
31.9,16.0,30.5,6.3,0.0,0.0,1016.5
31.9,16.0,25.0,5.5,0.0,0.0,1015.4
31.9,16.0,20.7,4.7,0.0,0.0,1014.4
31.9,16.0,17.6,3.9,0.0,0.0,1013.3
31.9,16.0,15.4,3.1,0.0,0.0,1012.3
33.3,16.0,13.9,2.4,0.0,0.0,1011.2
33.3,16.0,14.2,2.3,0.0,0.0,1011.5
33.3,16.0,14.8,2.4,0.0,0.0,1011.7
28.8,13.9,47.3,7.3,0.0,0.0,1015.2
28.8,13.9,48.4,7.5,0.0,0.0,1015.5
28.8,13.9,44.4,7.5,0.0,0.0,1015.6
28.8,13.9,41.8,7.5,0.0,0.0,1016.3
28.8,13.9,44.4,7.5,0.0,1.0,1016.8
28.8,13.9,50.3,6.3,0.0,1.0,1017.2
28.8,13.9,52.9,5.7,0.0,1.0,1017.5
28.8,13.9,54.6,5.4,0.0,0.0,1017.3
28.8,13.9,51.3,4.9,0.0,0.0,1016.8
28.8,13.9,49.4,5.0,0.0,0.0,1016.3
28.8,14.0,51.9,5.5,0.0,0.0,1015.9
28.7,14.3,53.5,6.1,0.0,0.0,1015.6
28.7,14.9,54.6,6.7,0.0,0.0,1016.1
28.7,14.9,55.6,7.3,0.0,0.0,1016.9
28.7,15.4,54.4,7.7,0.0,0.0,1017.7
28.7,16.2,50.3,8.3,0.0,0.0,1018.4
28.7,16.2,45.0,8.8,0.0,0.0,1018.8
28.7,16.2,39.5,8.8,0.0,0.0,1018.6
28.7,16.2,35.3,8.8,0.0,0.0,1017.9
29.2,16.2,29.3,6.9,0.0,0.0,1017.0
29.5,16.2,30.2,6.4,0.0,0.0,1015.9
29.5,16.2,30.1,5.2,0.0,0.0,1015.2
29.5,16.2,39.2,4.2,0.0,0.0,1014.5
29.5,16.2,45.7,6.5,0.0,0.0,1014.2
29.5,16.2,39.7,7.8,0.0,0.0,1014.4
29.5,16.2,37.7,10.8,0.0,0.0,1014.3
29.5,16.2,37.8,10.8,0.0,0.0,1014.6
29.5,16.2,37.7,11.6,0.0,0.0,1015.6
29.5,16.2,35.3,14.5,0.0,0.0,1016.2
29.5,16.2,42.5,15.3,0.0,0.0,1016.6
29.5,16.2,43.1,15.3,0.0,0.0,1016.4
29.5,16.2,45.5,14.9,0.0,0.0,1016.4
29.5,16.2,45.6,12.5,0.0,0.0,1015.9
29.5,16.2,44.5,10.7,0.0,0.0,1014.9
29.5,16.2,47.0,9.7,0.0,0.0,1014.5
29.5,16.2,48.5,10.1,0.0,0.0,1014.2
29.5,16.2,49.0,10.2,0.0,0.0,1014.1
29.5,16.2,50.5,10.6,0.0,0.0,1014.9
29.5,17.1,49.9,11.3,0.0,0.0,1015.4
29.5,17.1,47.4,11.7,0.0,0.0,1016.0
29.5,17.1,46.3,11.7,0.0,0.0,1016.9
29.5,17.1,52.7,8.7,0.0,0.0,1017.3
29.5,17.1,59.2,8.5,0.0,1.0,1017.6
29.5,17.1,66.0,10.1,0.0,1.0,1017.9
29.5,17.1,71.3,10.6,0.0,3.0,1017.6
29.4,17.2,77.1,11.3,0.0,6.0,1017.3
28.3,17.2,83.5,12.2,0.0,8.0,1016.9
26.6,16.9,87.3,12.2,0.18,8.0,1017.5
26.0,15.5,91.7,12.1,0.37,8.0,1018.1
23.9,14.1,96.5,12.5,0.55,8.0,1018.7
23.4,13.9,95.1,12.5,0.9,8.0,1019.5
23.4,13.6,94.4,12.1,1.25,8.0,1020.2
23.4,13.4,93.9,11.7,1.6,8.0,1021.0
23.4,13.3,96.9,11.6,1.96,8.0,1021.0
23.4,13.2,98.6,12.0,2.31,8.0,1021.0
23.4,13.0,97.0,12.3,2.67,8.0,1020.9
23.4,12.7,98.2,12.3,2.9,8.0,1020.6
23.4,12.3,94.7,11.6,3.12,8.0,1020.3
23.5,11.8,93.8,10.9,3.34,8.0,1020.0
23.5,11.8,93.7,10.1,3.44,8.0,1020.2
23.5,11.8,93.7,9.3,3.54,8.0,1020.4
23.5,11.8,94.2,8.4,3.54,8.0,1020.6
23.5,11.8,92.1,7.5,3.54,8.0,1021.1
23.5,11.8,90.8,7.0,3.54,8.0,1021.6
23.4,11.8,89.6,6.5,3.54,8.0,1022.2
23.1,11.9,86.6,6.5,3.54,8.0,1021.6
22.8,11.9,82.4,5.9,3.54,8.0,1021.0
22.6,11.9,78.5,5.5,3.54,8.0,1020.4
21.5,12.0,79.8,5.7,3.54,7.0,1019.6
20.3,12.0,81.0,6.1,3.54,7.0,1018.8
19.1,12.1,82.3,6.5,3.54,6.0,1018.1
17.8,12.1,86.2,6.9,3.36,7.0,1018.4
17.8,12.1,90.5,7.4,3.18,7.0,1018.7
17.8,12.1,95.3,7.9,2.99,8.0,1019.1
17.8,12.1,96.1,7.9,2.65,8.0,1019.3
17.8,12.1,99.0,7.4,2.3,8.0,1019.7
17.8,12.1,97.3,7.0,1.95,8.0,1020.0
17.8,12.1,97.1,6.8,1.59,8.0,1019.8
17.8,12.1,98.4,7.1,1.23,8.0,1019.6
17.8,12.1,97.2,7.4,0.87,8.0,1019.4
17.8,12.1,98.4,7.5,0.65,7.0,1018.8
17.8,12.1,97.4,7.7,0.42,7.0,1018.2
17.8,12.1,97.6,7.8,0.2,7.0,1017.6
17.8,12.2,96.8,7.8,0.1,7.0,1017.9
17.7,12.2,96.1,7.3,0.0,7.0,1018.2
17.7,12.3,95.3,6.8,0.0,7.0,1018.6
17.7,12.8,89.5,6.9,0.0,5.0,1019.1
17.7,13.2,84.2,6.9,0.0,4.0,1019.6
19.0,13.7,79.3,6.9,0.0,2.0,1020.2
21.5,13.9,69.9,6.8,0.0,2.0,1019.4
24.0,13.8,62.1,5.6,0.0,1.0,1018.7
26.4,13.7,55.9,4.2,0.0,0.0,1017.9
27.1,13.6,52.8,3.2,0.0,1.0,1017.0
27.9,13.6,49.7,3.7,0.0,1.0,1016.0
28.7,13.5,46.6,4.0,0.0,2.0,1015.0
28.7,13.5,49.6,4.9,0.0,3.0,1015.4
28.7,13.5,54.7,5.2,0.0,3.0,1015.8
28.7,13.6,62.3,5.6,0.0,4.0,1016.2
28.7,13.6,64.5,5.6,0.0,3.0,1016.6
28.7,13.7,66.5,4.6,0.0,2.0,1017.1
28.7,13.8,68.4,3.6,0.0,0.0,1017.6
28.7,13.9,67.4,3.8,0.0,0.0,1017.9
28.7,14.0,66.4,5.2,0.0,0.0,1018.1
28.7,14.0,65.4,6.8,0.0,0.0,1018.3
28.7,14.0,65.4,6.9,0.0,0.0,1018.0
28.7,14.0,65.4,7.0,0.0,0.0,1017.6
28.7,14.0,65.2,7.0,0.0,0.0,1017.3
28.7,14.0,66.2,7.0,0.0,0.0,1017.6
28.7,14.1,67.2,7.0,0.0,0.0,1018.0
28.6,14.1,68.2,7.1,0.0,0.0,1018.5
28.6,15.4,63.0,7.1,0.0,0.0,1019.1
28.5,16.8,58.5,6.1,0.0,0.0,1019.7
28.5,18.0,54.4,5.2,0.0,0.0,1020.3
28.5,18.0,44.0,4.2,0.0,0.0,1019.6
28.9,18.0,36.7,3.6,0.0,0.0,1018.9
30.9,17.9,32.0,3.0,0.0,0.0,1018.2
31.2,17.8,30.2,2.5,0.0,0.0,1017.4
31.5,17.8,28.2,2.6,0.0,1.0,1016.7
31.9,17.8,26.2,2.7,0.0,1.0,1015.9
31.9,17.8,31.4,3.3,0.0,1.0,1016.3
31.9,17.8,39.5,4.3,0.0,1.0,1016.6
31.9,17.8,51.3,5.2,0.0,0.0,1017.0
31.9,17.8,49.1,5.7,0.0,0.0,1017.2
31.9,17.8,47.3,6.2,0.0,0.0,1017.5
31.9,17.8,45.9,6.6,0.0,0.0,1017.7
31.9,17.8,46.6,6.6,0.0,0.0,1018.0
31.9,17.8,47.4,6.2,0.0,0.0,1018.2
31.9,17.8,48.3,5.8,0.0,0.0,1018.4
31.9,17.8,46.3,5.6,0.0,0.0,1017.9
31.9,17.8,44.3,5.9,0.0,0.0,1017.4
31.9,17.8,42.2,6.4,0.0,0.0,1016.8
31.9,17.8,46.0,6.4,0.0,0.0,1017.2
31.9,17.6,50.3,6.1,0.0,0.0,1017.6
32.0,17.0,55.0,5.9,0.0,0.0,1018.0
32.0,16.9,50.8,5.7,0.0,0.0,1018.5
32.0,16.9,47.0,4.9,0.0,0.0,1018.9
32.0,16.9,43.6,4.6,0.0,0.0,1019.4
32.0,16.9,40.2,4.5,0.0,0.0,1018.7
32.0,16.9,37.1,4.4,0.0,0.0,1017.9
32.0,16.9,34.3,4.2,0.0,0.0,1017.2
32.0,16.9,31.8,4.0,0.0,0.0,1016.4
32.0,16.9,29.6,3.9,0.0,0.0,1015.7
32.0,17.0,27.6,4.0,0.0,0.0,1014.9
31.1,17.0,26.8,4.1,0.0,0.0,1015.1
31.1,17.0,26.0,4.3,0.0,0.0,1015.4
31.1,17.0,25.2,4.8,0.0,0.0,1015.6
31.1,17.0,24.3,5.3,0.0,0.0,1015.8
31.1,17.0,23.3,5.7,0.0,0.0,1016.0
31.1,17.0,22.2,6.2,0.0,0.0,1016.3
31.1,17.0,23.8,6.2,0.0,0.0,1016.1
31.1,17.0,25.4,5.9,0.0,0.0,1015.9
31.1,17.0,27.2,5.7,0.0,0.0,1015.7
31.1,17.0,29.1,5.4,0.0,0.0,1015.6
31.1,16.7,31.2,5.2,0.0,0.0,1015.4
31.2,15.7,33.5,4.9,0.0,0.0,1015.2
31.2,15.7,34.5,5.0,0.0,0.0,1015.5
31.2,15.7,35.2,5.3,0.0,0.0,1015.8
31.2,15.7,35.8,5.6,0.0,0.0,1016.2
31.2,15.7,36.2,5.9,0.0,0.0,1016.6
31.2,15.7,36.4,6.2,0.0,0.0,1016.9
31.2,15.7,36.5,6.6,0.0,0.0,1017.2
31.2,15.7,31.6,6.6,0.0,0.0,1016.3
31.2,15.7,27.3,5.8,0.0,0.0,1015.3
31.2,15.7,23.7,4.9,0.0,0.0,1014.4
31.2,15.7,20.7,4.1,0.0,0.0,1013.4
31.5,15.7,18.2,3.3,0.0,1.0,1012.4
32.8,15.6,16.0,2.5,0.0,1.0,1011.4
32.8,15.6,16.9,2.4,0.0,1.0,1011.6
32.8,15.6,17.9,2.6,0.0,1.0,1011.8
29.6,13.5,57.0,6.8,0.0,0.0,1015.2
29.6,13.5,65.8,7.2,0.0,0.0,1015.5
29.6,13.5,60.1,7.3,0.0,0.0,1015.6
29.6,13.5,55.7,7.4,0.0,0.0,1016.3
29.6,13.5,57.2,7.4,0.0,1.0,1016.8
29.6,13.5,62.7,6.3,0.0,1.0,1017.2
29.6,13.5,65.3,5.4,0.0,1.0,1017.5
29.6,13.5,69.2,5.1,0.0,0.0,1017.3
29.6,13.5,69.5,4.6,0.0,0.0,1016.8
29.6,13.5,67.4,4.8,0.0,0.0,1016.3
29.6,13.5,69.0,5.7,0.0,0.0,1015.9
29.6,13.5,73.6,6.2,0.0,0.0,1015.6
29.6,13.6,75.7,6.8,0.0,0.0,1016.1
29.6,13.6,75.9,7.3,0.0,0.0,1016.8
29.5,13.8,72.7,7.7,0.0,0.0,1017.6
29.5,14.9,64.7,8.3,0.0,0.0,1018.3
29.5,14.9,54.8,8.7,0.0,0.0,1018.7
29.5,14.9,44.9,8.9,0.0,0.0,1018.5
29.5,14.9,34.6,8.9,0.0,0.0,1017.9
30.3,14.9,28.2,7.0,0.0,0.0,1017.0
30.5,14.9,29.6,6.5,0.0,0.0,1015.8
30.5,14.9,30.1,5.3,0.0,0.0,1015.1
30.5,14.9,38.8,4.3,0.0,0.0,1014.4
30.5,14.9,49.3,6.5,0.0,0.0,1014.2
30.5,14.9,51.8,7.8,0.0,0.0,1014.3
30.5,14.9,54.3,10.5,0.0,0.0,1014.3
30.5,14.9,51.9,10.5,0.0,0.0,1014.7
30.5,14.9,49.5,10.6,0.0,0.0,1015.6
30.5,14.9,41.3,13.8,0.0,0.0,1016.2
30.5,14.9,46.3,15.0,0.0,0.0,1016.5
30.5,14.9,48.5,15.0,0.0,0.0,1016.4
30.5,14.9,52.0,14.3,0.0,0.0,1016.4
30.5,14.9,55.1,12.1,0.0,0.0,1015.8
30.5,14.9,56.2,10.3,0.0,0.0,1014.8
30.5,14.9,58.5,9.2,0.0,0.0,1014.4
30.5,14.9,60.8,9.6,0.0,0.0,1014.1
30.5,14.9,62.0,9.7,0.0,0.0,1014.1
30.5,14.9,62.5,10.0,0.0,0.0,1014.9
30.4,15.4,59.6,10.6,0.0,0.0,1015.4
30.4,16.3,54.4,10.9,0.0,0.0,1016.0
30.4,16.3,49.0,10.9,0.0,0.0,1016.9
30.4,16.3,53.2,7.8,0.0,0.0,1017.2
30.4,16.3,57.6,7.8,0.0,0.0,1017.5
30.4,16.3,62.3,9.9,0.0,0.0,1017.8
30.4,16.3,66.9,10.3,0.0,3.0,1017.5
30.2,16.3,72.0,10.8,0.0,5.0,1017.2
29.1,16.4,77.5,11.5,0.0,8.0,1016.8
27.3,16.5,83.2,11.5,0.12,8.0,1017.5
25.6,16.4,89.6,11.4,0.24,8.0,1018.1
23.7,14.6,96.5,11.8,0.36,8.0,1018.7
23.8,14.5,97.8,11.8,0.62,8.0,1019.5
23.8,14.2,95.4,11.5,0.88,8.0,1020.3
23.9,14.0,94.8,11.3,1.14,8.0,1021.0
23.9,13.8,95.5,11.4,1.41,8.0,1021.0
23.9,13.7,96.9,11.8,1.68,8.0,1021.0
23.9,13.5,96.8,12.2,1.95,8.0,1020.9
23.9,13.2,97.0,12.2,2.13,8.0,1020.6
23.9,12.9,95.9,11.5,2.31,8.0,1020.3
23.9,12.6,95.5,10.9,2.49,8.0,1020.0
23.9,12.6,95.7,10.2,2.49,8.0,1020.2
23.9,12.6,96.0,9.4,2.49,8.0,1020.4
23.9,12.6,96.7,8.6,2.49,8.0,1020.6
23.9,12.6,93.8,7.8,2.49,8.0,1021.1
23.9,12.6,91.4,7.2,2.49,8.0,1021.6
23.9,12.6,89.2,6.7,2.49,8.0,1022.2
23.9,12.6,84.1,6.5,2.49,8.0,1021.5
23.9,12.6,79.3,6.0,2.49,8.0,1020.9
23.9,12.6,74.9,5.5,2.49,8.0,1020.3
22.8,12.7,76.1,5.6,2.49,7.0,1019.6
21.7,12.7,77.4,6.1,2.49,7.0,1018.8
20.6,12.8,78.8,6.5,2.49,6.0,1018.1
18.9,12.8,83.9,7.0,2.37,7.0,1018.4
18.6,12.8,89.5,7.5,2.25,7.0,1018.7
18.6,12.8,95.6,8.0,2.13,8.0,1019.1
18.6,12.8,96.5,8.0,1.87,8.0,1019.3
18.6,12.8,99.5,7.5,1.61,8.0,1019.7
18.6,12.8,97.6,7.0,1.35,8.0,1020.0
18.6,12.8,97.1,6.7,1.08,8.0,1019.8
18.6,12.8,97.7,6.9,0.81,8.0,1019.6
18.6,12.8,96.4,7.1,0.54,8.0,1019.4
18.6,12.8,98.0,7.2,0.36,7.0,1018.8
18.6,12.8,97.7,7.2,0.18,7.0,1018.2
18.6,12.8,98.4,7.3,0.0,7.0,1017.6
18.6,12.9,98.4,7.3,0.0,7.0,1017.9
18.6,12.9,98.4,6.8,0.0,7.0,1018.2
18.6,12.9,98.5,6.4,0.0,7.0,1018.6
18.6,13.5,92.1,6.4,0.0,6.0,1019.1
18.5,14.0,86.2,6.4,0.0,4.0,1019.6
19.2,14.4,80.7,6.4,0.0,2.0,1020.2
22.0,14.4,70.3,6.3,0.0,2.0,1019.4
24.8,14.2,61.5,5.1,0.0,1.0,1018.6
27.5,14.1,53.9,3.4,0.0,0.0,1017.9
28.0,14.0,51.9,2.5,0.0,1.0,1016.9
28.6,14.0,50.0,3.3,0.0,1.0,1016.0
29.3,13.9,48.0,3.8,0.0,2.0,1015.0
29.4,13.9,57.6,4.6,0.0,3.0,1015.4
29.4,13.9,70.1,5.1,0.0,4.0,1015.7
29.4,13.9,86.2,5.4,0.0,4.0,1016.1
29.4,13.9,88.1,5.4,0.0,3.0,1016.6
29.4,13.9,89.7,4.5,0.0,2.0,1017.1
29.4,13.9,90.6,3.5,0.0,1.0,1017.7
29.4,13.9,87.7,3.7,0.0,0.0,1017.9
29.4,13.9,85.0,5.1,0.0,0.0,1018.1
29.4,13.9,82.3,6.6,0.0,0.0,1018.3
29.4,13.9,83.9,6.6,0.0,0.0,1018.0
29.4,13.9,85.5,6.6,0.0,0.0,1017.6
29.4,13.9,86.5,6.9,0.0,0.0,1017.2
29.4,13.9,87.8,7.0,0.0,0.0,1017.6
29.4,13.9,88.7,7.1,0.0,0.0,1018.0
29.3,13.9,89.4,7.2,0.0,0.0,1018.4
29.3,15.4,79.7,7.2,0.0,0.0,1019.1
29.3,15.7,71.1,6.3,0.0,0.0,1019.7
29.3,15.7,63.7,5.3,0.0,0.0,1020.2
29.3,15.7,49.2,4.3,0.0,0.0,1019.5
29.6,15.7,38.2,3.4,0.0,0.0,1018.8
32.2,15.7,29.6,2.7,0.0,0.0,1018.1
32.3,15.6,29.1,2.3,0.0,0.0,1017.4
32.6,15.6,28.6,2.5,0.0,0.0,1016.6
32.8,15.5,28.0,2.6,0.0,1.0,1015.8
32.9,15.5,37.3,3.3,0.0,1.0,1016.2
32.9,15.5,49.9,4.4,0.0,1.0,1016.6
32.9,15.5,66.6,5.4,0.0,0.0,1016.9
32.9,15.5,63.2,5.7,0.0,0.0,1017.1
32.9,15.5,59.9,6.1,0.0,0.0,1017.4
32.9,15.5,56.7,6.4,0.0,0.0,1017.7
32.9,15.5,56.8,6.4,0.0,0.0,1018.0
32.9,15.5,57.0,6.0,0.0,0.0,1018.2
32.9,15.5,57.1,5.7,0.0,0.0,1018.4
32.9,15.5,56.5,5.6,0.0,0.0,1017.8
32.9,15.5,55.9,6.0,0.0,0.0,1017.3
32.9,15.5,54.8,6.4,0.0,0.0,1016.8
32.9,15.5,59.2,6.4,0.0,0.0,1017.2
32.9,15.5,63.9,6.2,0.0,0.0,1017.5
32.9,15.2,68.8,6.1,0.0,0.0,1018.0
32.9,15.1,61.4,6.0,0.0,0.0,1018.4
32.9,15.1,54.9,5.1,0.0,0.0,1018.9
32.9,15.1,49.2,4.6,0.0,0.0,1019.3
32.9,15.1,45.4,4.5,0.0,0.0,1018.6
32.9,15.1,41.9,4.4,0.0,0.0,1017.9
32.9,15.1,38.6,4.2,0.0,0.0,1017.1
32.9,15.1,35.4,4.1,0.0,0.0,1016.4
32.9,15.1,32.5,4.0,0.0,0.0,1015.6
32.9,15.2,29.9,4.2,0.0,0.0,1014.8
31.9,15.2,30.6,4.2,0.0,0.0,1015.1
31.9,15.2,31.3,4.5,0.0,0.0,1015.3
31.9,15.2,32.1,4.9,0.0,0.0,1015.6
31.9,15.2,32.9,5.3,0.0,0.0,1015.8
31.9,15.2,33.8,5.8,0.0,0.0,1016.0
31.9,15.2,34.7,6.2,0.0,0.0,1016.3
31.9,15.2,36.3,6.2,0.0,0.0,1016.1
31.9,15.2,37.9,5.9,0.0,0.0,1015.9
31.9,15.2,39.6,5.7,0.0,0.0,1015.8
31.9,15.2,41.5,5.4,0.0,0.0,1015.6
31.9,15.2,43.4,5.2,0.0,0.0,1015.4
31.9,15.1,45.4,4.9,0.0,0.0,1015.2
31.9,15.1,44.7,4.9,0.0,0.0,1015.5
31.9,15.1,43.9,5.2,0.0,0.0,1015.8
31.9,15.1,43.1,5.5,0.0,0.0,1016.2
31.9,15.1,42.2,5.8,0.0,0.0,1016.5
31.9,15.1,41.4,6.1,0.0,0.0,1016.8
31.9,15.1,40.5,6.4,0.0,0.0,1017.2
31.9,15.1,34.9,6.4,0.0,0.0,1016.2
31.9,15.1,30.1,5.7,0.0,0.0,1015.2
31.9,15.1,26.0,4.9,0.0,0.0,1014.3
31.9,15.1,22.6,4.2,0.0,0.0,1013.3
32.3,15.1,19.6,3.4,0.0,1.0,1012.3
33.8,15.0,17.1,2.7,0.0,1.0,1011.3
33.8,15.0,19.9,2.5,0.0,1.0,1011.5
33.8,15.0,23.2,2.6,0.0,1.0,1011.8
